Landkreis,Einwohner,Income,0-34,35-79,80+,Total_Cases,D(0-34),D(35-79),D(80+),Total_Deaths,Area,Density,Einwohner(0-34),Einwohner(35-79),Einwohner(80+),west(0)/east(1)
Ahrweiler,129727.0,22962.0,82,109,2,193,0,1,0,1,787.02,164.8331681532871,43494.0,69124.0,17109.0,0.0
Aichach-Friedberg,133596.0,24748.0,113,237,40,390,0,4,16,20,780.24,171.2242386957859,49429.0,70536.0,13631.0,0.0
Alb-Donau-Kreis,196047.0,22884.0,164,406,80,650,0,5,22,27,1358.55,144.30606160980457,75631.0,100528.0,19888.0,0.0
Altenburger Land,90118.0,18822.0,10,55,10,75,0,3,1,4,569.41,158.26557313710683,23972.0,51474.0,14672.0,1.0
Altmarkkreis Salzwedel,83765.0,19255.0,10,21,2,33,0,0,1,1,2293.05,36.52994919430453,25467.0,47428.0,10870.0,1.0
Altötting,11121.0,22865.0,120,380,103,603,0,11,42,53,569.29,19.534859210595656,40287.0,58148.0,12775.0,0.0
Alzey-Worms,129244.0,22245.0,83,152,34,269,0,2,9,11,588.07,219.7765572125767,46134.0,70834.0,12276.0,0.0
Amberg,4197.0,21583.000000000004,29,51,9,89,0,1,3,4,50.13,83.72232196289646,15014.0,21684.0,5272.0,0.0
Amberg-Sulzbach,103109.0,21427.0,103,266,127,496,0,12,41,53,1255.87,82.1016506485544,36196.0,55544.0,11369.0,0.0
Ammerland,124071.0,21515.0,59,118,12,189,0,2,3,5,730.57,169.8276688065483,43408.0,65867.0,14796.0,0.0
Anhalt-Bitterfeld,159854.0,18669.0,20,48,5,73,0,0,2,2,1453.54,109.97564566506598,44787.0,91158.0,23909.0,1.0
Ansbach,225796.0,22278.35373523003,215,457,76,748,0,13,22,35,2071.24,109.01488963133197,84038.0,117850.0,23908.0,0.0
Aschaffenburg,244735.0,23802.684675260996,140,400,116,656,0,13,26,39,761.35,321.4487423655349,86959.0,130951.0,26825.0,0.0
Augsburg,546669.0,21429.98664091068,252,493,71,816,0,10,14,24,1217.4899999999998,449.01313357809926,214303.0,274765.0,57601.0,0.0
Aurich,189848.0,19701.0,44,79,7,130,0,6,2,8,1287.36,147.47079294059162,66800.0,102370.0,20678.0,0.0
Bad Dürkheim,13266.0,25615.0,90,210,29,329,0,3,9,12,594.64,22.309296381003634,42320.0,73945.0,16395.0,0.0
Bad Kissingen,103218.0,21738.000000000004,54,153,51,258,0,7,12,19,1136.84,90.79377924773935,34134.0,55690.0,13394.0,0.0
Bad Kreuznach,15808.0,21680.0,50,119,27,196,0,1,6,7,863.89,18.298625982474622,54346.0,84865.0,18869.0,0.0
Bad Tölz-Wolfratshausen,127227.0,25486.0,122,282,22,426,0,3,7,10,1110.67,114.54977626117568,46442.0,66217.0,14568.0,0.0
Baden-Baden,55123.0,29565.0,36,118,31,185,0,8,11,19,140.19,393.2020828875098,17910.0,29211.0,8002.0,0.0
Bamberg,224678.0,22088.26368402781,165,346,116,627,0,19,39,58,1222.4199999999998,183.79771273375766,87153.0,115441.0,22084.0,0.0
Barnim,18276.0,19707.0,91,285,47,423,0,17,12,29,1479.67,12.351402677624064,56390.0,103532.0,22838.0,1.0
Bautzen,30088.0,19467.0,121,299,83,503,0,4,16,20,2395.6,12.559692770078478,87684.0,167328.0,45868.0,1.0
Bayreuth,178313.0,21257.858131487887,163,381,86,630,0,16,23,39,1340.5200000000002,133.01778414346668,66240.0,91598.0,20475.0,0.0
Berchtesgadener Land,105722.0,22131.999999999996,59,194,52,305,0,10,12,22,839.83,125.88500053582273,38103.0,54122.0,13497.0,0.0
Bergstraße,269694.0,23330.0,117,235,12,364,0,3,0,3,719.47,374.85093193600846,93100.0,146012.0,30582.0,0.0
Berlin,3644826.0,19719.0,3053,4183,565,7801,0,95,116,211,891.12,4090.162941018045,1474260.0,1799671.0,370895.0,0.0
Bernkastel-Wittlich,112262.0,22529.0,59,106,5,170,0,0,2,2,1167.94,96.11966368135349,38355.0,60648.0,13259.0,0.0
Biberach,199742.0,22970.0,179,346,75,600,0,12,22,34,1409.53,141.70822898412948,78742.0,101817.0,19183.0,0.0
Bielefeld,333786.0,22659.000000000004,155,263,13,431,0,5,0,5,258.82,1289.645313345182,136404.0,160336.0,37046.0,0.0
Birkenfeld,8072.0,21504.0,30,52,8,90,0,2,0,2,776.83,10.390947826422769,27252.0,43221.0,10247.0,0.0
Bochum,364628.0,19620.0,228,318,49,595,0,5,14,19,145.66,2503.2816147192093,138561.0,183044.0,43023.0,0.0
Bodenseekreis,216227.0,25728.0,77,203,14,294,0,4,4,8,664.79,325.25609590998664,78049.0,112219.0,25959.0,0.0
Bonn,327258.0,23055.999999999996,321,396,37,754,0,3,5,8,141.06,2319.99149298171,140321.0,154829.0,32108.0,0.0
Borken,370676.0,21531.0,346,701,64,1111,0,20,18,38,1420.98,260.8594068882039,143390.0,190957.0,36329.0,0.0
Bottrop,117383.0,19674.0,69,133,9,211,0,5,2,7,100.61,1166.713050392605,40668.0,63256.0,13459.0,0.0
Braunschweig,248292.0,21419.0,88,215,29,332,0,10,8,18,192.7,1288.4898806434874,98757.0,120512.0,29023.0,0.0
Breisgau-Hochschwarzwald,262795.0,23963.0,222,741,176,1139,0,21,50,71,1378.31,190.66465454070564,95768.0,137131.0,29896.0,0.0
Bremen,569352.0,21327.0,653,700,96,1449,0,17,26,43,326.18,1745.5147464590104,223965.0,281433.0,63954.0,0.0
Bremerhaven,113634.0,17741.0,80,99,17,196,0,4,2,6,93.66,1213.260730301089,44041.0,56825.0,12768.0,0.0
Burgenlandkreis,18019.0,18674.0,24,82,13,119,0,1,1,2,1413.7,12.745985711254155,51233.0,101295.0,27662.0,1.0
Böblingen,39164.0,24506.999999999996,359,883,174,1416,0,15,32,47,617.77,63.39576217686194,150494.0,198782.0,42364.0,0.0
Börde,171734.0,19778.0,38,86,40,164,0,0,13,13,2366.59,72.56601270181991,52030.0,99195.0,20509.0,1.0
Calw,158397.0,23232.0,218,463,78,759,1,12,14,27,797.29,198.6692420574697,58138.0,83035.0,17224.0,0.0
Celle,178936.0,20291.0,62,129,29,220,0,4,11,15,1550.82,115.38154008846934,63545.0,93457.0,21934.0,0.0
Cham,127882.0,21238.000000000004,119,270,41,430,0,7,14,21,1520.13,84.12569977567708,45481.0,68858.0,13543.0,0.0
Chemnitz,247237.0,19659.000000000004,52,144,14,210,0,2,4,6,221.05,1118.4664103144084,86348.0,123620.0,37269.0,1.0
Cloppenburg,169348.0,19820.0,42,68,6,116,0,0,0,0,1420.42,119.22389152504188,72164.0,82934.0,14250.0,0.0
Coburg,128155.0,24696.276797627877,104,263,105,472,0,7,22,29,638.7099999999999,200.64661583504252,44252.0,68100.0,15803.0,0.0
Cochem-Zell,61587.0,21796.999999999996,37,94,4,135,0,1,0,1,692.43,88.94328668601881,20326.0,33305.0,7956.0,0.0
Coesfeld,219929.0,23009.0,257,556,58,871,0,11,13,24,1112.05,197.76898520749967,78891.0,117777.0,23261.0,0.0
Cottbus,100219.0,19983.0,11,26,2,39,0,0,0,0,165.62,605.1141166525782,34461.0,51534.0,14224.0,1.0
Cuxhaven,198213.0,21011.999999999996,152,164,44,360,0,7,13,20,2058.97,96.26803693108691,65361.0,107346.0,25506.0,0.0
Dachau,153884.0,24410.999999999996,290,554,74,918,0,11,19,30,579.16,265.70205124663306,58766.0,80472.0,14646.0,0.0
Dahme-Spreewald,169067.0,20067.999999999996,71,159,22,252,0,3,5,8,2274.49,74.3318282340217,52116.0,94309.0,22642.0,1.0
Darmstadt,159207.0,21986.0,75,104,44,223,0,1,17,18,122.07,1304.227082821332,73212.0,71489.0,14506.0,0.0
Darmstadt-Dieburg,297399.0,23714.000000000004,116,281,30,427,0,9,11,20,658.64,451.53498117332686,107698.0,158915.0,30786.0,0.0
Deggendorf,119326.0,21776.0,93,210,24,327,0,5,10,15,861.17,138.56265313468887,43862.0,63457.0,12007.0,0.0
Delmenhorst,77607.0,18845.0,27,55,3,85,0,2,1,3,62.45,1242.7061649319455,29433.0,39430.0,8744.0,0.0
Dessau-Roßlau,81237.0,19294.0,14,45,7,66,0,1,1,2,244.75,331.9182839632278,22683.0,44219.0,14335.0,1.0
Diepholz,216886.0,22469.0,76,245,57,378,0,9,17,26,1990.99,108.93374652810913,75380.0,115998.0,25508.0,0.0
Dingolfing-Landau,96217.0,23052.0,54,151,15,220,0,5,4,9,877.58,109.63900726999248,36209.0,50797.0,9211.0,0.0
Dithmarschen,13321.0,21570.999999999996,13,46,11,70,0,2,2,4,1428.14,9.327516910106851,45058.0,71084.0,17068.0,0.0
Donau-Ries,133496.0,24066.0,85,202,66,353,0,5,18,23,1274.58,104.73724677933123,50123.0,69572.0,13801.0,0.0
Donnersbergkreis,75101.0,21375.0,39,92,6,137,0,3,3,6,645.41,116.36169256751523,25788.0,41254.0,8059.0,0.0
Dortmund,58701.0,18945.999999999996,288,561,40,889,0,5,4,9,280.71,209.1161697125147,229917.0,293272.0,63821.0,0.0
Dresden,554649.0,18922.0,233,344,48,625,0,5,5,10,328.48,1688.5320263029712,230427.0,254209.0,70013.0,1.0
Duisburg,49859.0,16881.0,479,757,156,1392,1,26,30,57,232.8,214.1709621993127,194136.0,249528.0,54926.0,0.0
Düren,263722.0,20526.0,131,368,106,605,0,13,26,39,941.77,280.02803232211687,96268.0,139190.0,28264.0,0.0
Düsseldorf,619294.0,24881.999999999996,608,919,119,1646,0,24,12,36,217.41,2848.507428361161,244188.0,310372.0,64734.0,0.0
Ebersberg,142142.0,26614.0,214,280,24,518,0,3,2,5,549.4,258.7222424463051,53783.0,73951.0,14408.0,0.0
Eichsfeld,10038.0,19127.0,36,100,23,159,0,3,6,9,943.07,10.643960681603698,33085.0,55262.0,12033.0,1.0
Eichstätt,132341.0,23779.0,77,195,30,302,0,8,10,18,1213.86,109.02492873972288,52778.0,67528.0,12035.0,0.0
Eisenach,4237.0,19062.0,5,18,7,30,0,0,2,2,104.17,40.673898435250074,13791.0,22348.0,6231.0,1.0
Elbe-Elster,102638.0,18189.0,21,53,6,80,0,1,2,3,1899.57,54.032228346415245,27834.0,59004.0,15800.0,1.0
Emden,50195.0,18593.0,2,16,1,19,0,0,0,0,112.34,446.8132455047178,19705.0,25119.0,5371.0,0.0
Emmendingen,165383.0,22741.999999999996,95,351,84,530,0,11,32,43,679.79,243.2854263816767,60039.0,87624.0,17720.0,0.0
Emsland,325657.0,20469.0,157,251,53,461,0,12,13,25,2883.67,112.93143806330127,127074.0,167793.0,30790.0,0.0
Ennepe-Ruhr-Kreis,324296.0,24220.0,156,285,21,462,0,7,7,14,409.64,791.6609706083391,109532.0,173795.0,40969.0,0.0
Enzkreis,198905.0,24829.0,191,400,74,665,0,10,11,21,573.6,346.7660390516039,71870.0,104615.0,22420.0,0.0
Erding,13766.0,24171.999999999996,227,369,31,627,0,4,7,11,870.75,15.809359747344244,53030.0,73032.0,11598.0,0.0
Erfurt,213699.0,18601.0,50,84,5,139,0,1,1,2,269.91,791.7416916750027,81670.0,107066.0,24963.0,1.0
Erlangen,111962.0,23528.000000000004,105,129,25,259,0,5,6,11,76.96,1454.8076923076924,50017.0,51030.0,10915.0,0.0
Erlangen-Höchstadt,136271.0,25135.0,60,156,29,245,0,5,6,11,564.56,241.37558452600257,48784.0,73690.0,13797.0,0.0
Erzgebirgskreis,337696.0,19215.999999999996,105,340,113,558,0,20,23,43,1827.9,184.7453361781279,96283.0,191197.0,50216.0,1.0
Essen,583109.0,20159.000000000004,254,546,117,917,1,10,30,41,210.34,2772.2211657316725,223115.0,292218.0,67776.0,0.0
Esslingen,533859.0,24908.0,464,1084,296,1844,0,29,86,115,641.28,832.4897080838324,202053.0,272545.0,59261.0,0.0
Euskirchen,19284.0,20938.000000000004,157,268,48,473,0,7,15,22,1248.73,15.442889976215834,67676.0,104120.0,21044.0,0.0
Flensburg,89504.0,18480.999999999996,16,27,3,46,0,2,1,3,56.74,1577.4409587592527,38582.0,41459.0,9463.0,0.0
Forchheim,116099.0,23186.999999999996,69,129,9,207,0,2,2,4,642.83,180.6060700340681,41512.0,62720.0,11867.0,0.0
Frankfurt (Oder),57873.0,17381.0,13,18,0,31,0,0,0,0,147.85,391.43050388907676,19050.0,30511.0,8312.0,1.0
Frankfurt am Main,753056.0,21690.0,597,1002,118,1717,0,29,35,64,248.31,3032.725222504128,320567.0,373279.0,59210.0,0.0
Freising,179116.0,23210.0,231,622,112,965,0,15,28,43,799.85,223.93698818528475,73692.0,91084.0,14340.0,0.0
Freudenstadt,117935.0,23982.0,113,360,97,570,0,9,29,38,870.39,135.49673135031423,43702.0,61331.0,12902.0,0.0
Freyung-Grafenau,78355.0,20108.0,47,127,21,195,0,4,8,12,983.87,79.63958653074084,26960.0,43187.0,8208.0,0.0
Friesland,9846.0,20242.0,9,19,6,34,0,0,2,2,609.53,16.153429691729695,32223.0,52849.0,13388.0,0.0
Fulda,222584.0,22038.0,136,219,25,380,0,3,9,12,1380.41,161.2448475452945,84065.0,113038.0,25481.0,0.0
Fürstenfeldbruck,21932.0,25055.0,274,553,80,907,0,12,23,35,434.8,50.44158233670653,80570.0,113270.0,25480.0,0.0
Fürth,245135.0,23672.033969037468,160,473,228,861,0,26,70,96,370.79,661.1154561881388,88939.0,130383.0,25813.0,0.0
Garmisch-Partenkirchen,88467.0,23933.000000000004,73,171,44,288,0,4,14,18,1012.21,87.39984785765799,30264.0,46049.0,12154.0,0.0
Gelsenkirchen,260654.0,16203.0,188,259,24,471,1,9,6,16,104.94,2483.838383838384,100472.0,132127.0,28055.0,0.0
Gera,94152.0,18891.0,56,154,44,254,0,5,14,19,152.19,618.6477429528878,28500.0,50808.0,14844.0,1.0
Germersheim,129075.0,22212.0,33,102,12,147,0,3,2,5,463.32,278.5871535871536,47269.0,68913.0,12893.0,0.0
Gießen,268876.0,20153.0,92,151,4,247,0,3,1,4,854.56,314.6367721400487,112117.0,130110.0,26649.0,0.0
Gifhorn,17592.0,23101.0,48,106,4,158,1,1,2,4,1567.58,11.222393753428852,63980.0,93793.0,18147.0,0.0
Goslar,137014.0,20269.000000000004,52,171,38,261,0,7,18,25,966.72,141.7308010592519,43840.0,72676.0,20498.0,0.0
Gotha,135452.0,18780.0,76,170,64,310,0,8,22,30,936.08,144.70130758054867,42278.0,75503.0,17671.0,1.0
Grafschaft Bentheim,136511.0,19439.0,60,168,21,249,0,10,8,18,981.79,139.04297252976707,51196.0,71031.0,14284.0,0.0
Greiz,98159.0,19502.0,100,413,151,664,0,18,30,48,845.98,116.02992978557413,25873.0,56832.0,15454.0,1.0
Groß-Gerau,274526.0,20738.000000000004,172,346,28,546,0,7,7,14,453.03,605.9775290819592,106445.0,140813.0,27268.0,0.0
Göppingen,257253.0,23985.0,203,493,88,784,0,18,21,39,642.34,400.49350811096923,94679.0,132815.0,29759.0,0.0
Görlitz,254894.0,18287.0,52,153,64,269,0,5,18,23,2111.42,120.72159968173078,72613.0,140588.0,41693.0,1.0
Günzburg,125747.0,23362.0,66,150,22,238,0,2,2,4,762.4,164.93572927597063,47562.0,65618.0,12567.0,0.0
Gütersloh,364083.0,24271.0,473,1023,45,1541,1,7,12,20,969.21,375.6492401027641,138793.0,186844.0,38446.0,0.0
Hagen,188814.0,19774.0,119,194,47,360,0,3,10,13,160.45,1176.7778124026177,70178.0,95706.0,22930.0,0.0
Hamburg,1899160.0,24421.0,1701,2951,505,5157,1,106,152,259,755.09,2515.143890132302,755469.0,903855.0,181855.0,0.0
Hameln-Pyrmont,148559.0,21291.999999999996,34,81,18,133,0,3,4,7,797.54,186.27153497003286,49086.0,78602.0,20871.0,0.0
Hamm,179111.0,18006.0,123,309,78,510,0,10,26,36,226.43,791.0215077507397,68426.0,91153.0,19532.0,0.0
Harburg,252776.0,24798.0,215,278,61,554,0,1,12,13,1248.57,202.45240555195144,86491.0,136496.0,29789.0,0.0
Harz,214446.0,18785.0,127,126,5,258,0,4,0,4,2104.53,101.89733574717394,60919.0,121680.0,31847.0,1.0
Havelland,161909.0,19437.0,39,136,8,183,0,4,2,6,1727.3,93.73530944248249,51535.0,90979.0,19395.0,1.0
Haßberge,84599.0,21147.0,63,90,14,167,0,1,5,6,956.19,88.47509386209853,29981.0,45876.0,8742.0,0.0
Heidekreis,139755.0,20183.0,27,46,1,74,0,1,1,2,1881.41,74.28205441663432,50153.0,72714.0,16888.0,0.0
Heidelberg,160355.0,23189.0,132,165,16,313,0,3,4,7,108.89,1472.632932317017,76026.0,70383.0,13946.0,0.0
Heidenheim,132472.0,22034.000000000004,177,253,81,511,0,13,28,41,627.14,211.23194183117008,49002.0,67598.0,15872.0,0.0
Heilbronn,355664.0,24414.929540240228,360,903,146,1409,0,17,41,58,1199.8000000000002,296.43607267877974,181606.0,240191.0,47231.0,0.0
Heinsberg,254322.0,19448.0,529,1220,173,1922,0,31,48,79,627.99,404.977786270482,91143.0,136236.0,26943.0,0.0
Helmstedt,91307.0,22604.0,43,86,11,140,0,1,0,1,676.15,135.03956222731642,30446.0,49547.0,11314.0,0.0
Herford,250783.0,22061.999999999996,113,218,23,354,0,3,4,7,450.41,556.7882595857108,89470.0,130736.0,30577.0,0.0
Herne,156374.0,17579.0,80,127,11,218,0,1,1,2,51.42,3041.112407623493,57317.0,80996.0,18061.0,0.0
Hersfeld-Rotenburg,120829.0,20459.0,74,151,62,287,0,4,18,22,1097.74,110.07069069178493,41342.0,64140.0,15347.0,0.0
Herzogtum Lauenburg,197264.0,22961.0,76,166,24,266,0,9,7,16,1263.04,156.18191031162908,68099.0,104976.0,24189.0,0.0
Hildburghausen,63553.0,19529.0,12,48,9,69,0,1,0,1,938.42,67.72340742950918,18982.0,36356.0,8215.0,1.0
Hildesheim,276594.0,20609.0,134,257,21,412,0,3,3,6,1208.33,228.90601077520216,97523.0,144258.0,34813.0,0.0
Hochsauerlandkreis,260475.0,23151.0,170,383,63,616,0,7,10,17,1960.17,132.88388252039363,92301.0,137203.0,30971.0,0.0
Hochtaunuskreis,236564.0,31612.0,61,204,23,288,0,3,2,5,481.84,490.9596546571476,81356.0,125887.0,29321.0,0.0
Hof,99904.0,21293.590236627162,149,324,94,567,1,7,28,36,950.54,105.10236286742273,46557.0,75613.0,19071.0,0.0
Hohenlohekreis,11201.0,23219.0,159,523,90,772,0,26,21,47,776.76,14.420155517791853,42854.0,57834.0,11322.0,0.0
Holzminden,70975.0,20573.0,19,59,28,106,0,3,4,7,694.24,102.23409771836829,23244.0,37550.0,10181.0,0.0
Höxter,140667.0,21148.000000000004,80,231,55,366,0,7,11,18,1201.42,117.08395065838756,49387.0,74261.0,17019.0,0.0
Ilm-Kreis,106622.0,18691.0,30,95,10,135,0,4,2,6,843.71,126.37280582190563,34988.0,59069.0,14685.0,1.0
Ingolstadt,136981.0,22950.0,159,249,66,474,1,15,21,37,133.35,1027.2290963629546,56704.0,66783.0,13494.0,0.0
Jena,111407.0,18030.0,81,72,8,161,0,1,2,3,114.76,970.7825026141512,48854.0,49316.0,13237.0,1.0
Jerichower Land,89928.0,19625.999999999996,6,23,4,33,0,0,2,2,1576.85,57.03015505596601,25766.0,51851.0,12311.0,1.0
Kaiserslautern,205902.0,19895.706146613436,150,126,14,290,0,4,3,7,779.7,264.0784917275875,79983.0,103525.0,22394.0,0.0
Karlsruhe,757324.0,23189.419867850484,342,790,239,1371,0,24,69,93,1258.7,601.6715659013267,294706.0,382527.0,80091.0,0.0
Kassel,438218.0,20577.46634095359,277,410,76,763,0,10,27,37,1400.1399999999999,312.9815589869585,163369.0,223374.0,51475.0,0.0
Kaufbeuren,43893.0,21906.0,41,59,11,111,0,2,3,5,40.02,1096.7766116941527,16142.0,22239.0,5512.0,0.0
Kelheim,122258.0,22451.0,117,281,48,446,0,13,22,35,1065.14,114.78115552885066,47054.0,63797.0,11407.0,0.0
Kiel,247548.0,18810.0,93,166,22,281,0,6,4,10,118.65,2086.3716814159293,108353.0,114792.0,24403.0,0.0
Kitzingen,90909.0,23748.0,82,97,12,191,0,1,2,3,684.14,132.8806969333762,32975.0,48389.0,9545.0,0.0
Kleve,310974.0,19947.0,212,485,76,773,0,13,24,37,1232.99,252.21129125134834,114272.0,164509.0,32193.0,0.0
Koblenz,114024.0,21029.0,58,157,49,264,0,7,11,18,105.25,1083.3634204275534,46572.0,53850.0,13602.0,0.0
Konstanz,285325.0,23616.999999999996,141,303,24,468,0,8,8,16,817.98,348.8165969828113,111400.0,141772.0,32153.0,0.0
Krefeld,22702.0,21115.0,208,392,48,648,0,13,9,22,137.77,164.78188284822528,83245.0,117082.0,26693.0,0.0
Kronach,67135.0,22101.999999999996,50,104,13,167,0,2,1,3,651.49,103.04839675206065,20960.0,37586.0,8589.0,0.0
Kulmbach,71845.0,22462.0,81,145,18,244,0,6,5,11,658.34,109.13054045022328,22951.0,40059.0,8835.0,0.0
Kusel,70526.0,20564.0,25,62,3,90,0,1,0,1,573.6,122.95327754532775,23085.0,38874.0,8567.0,0.0
Kyffhäuserkreis,75009.0,17708.0,16,32,2,50,0,0,0,0,1037.89,72.27066452128838,21475.0,42990.0,10544.0,1.0
Köln,1085664.0,21608.0,834,1508,222,2564,0,35,67,102,405.02,2680.5194805194806,453103.0,533285.0,99276.0,0.0
Lahn-Dill-Kreis,253777.0,22884.0,72,235,37,344,0,8,10,18,1066.3,237.99774922629655,90843.0,133587.0,29347.0,0.0
Landshut,231102.0,23236.522712914644,261,605,86,952,0,17,23,40,1413.3999999999999,163.50785340314138,87564.0,121120.0,22418.0,0.0
Leer,169809.0,18614.0,37,102,8,147,0,4,1,5,1085.72,156.40220314629923,62731.0,89179.0,17899.0,0.0
Leipzig,845620.0,18583.263267188573,273,495,34,802,0,8,8,16,1949.12,433.8470694467247,327870.0,412691.0,105059.0,1.0
Leverkusen,163838.0,20884.0,65,161,21,247,0,2,3,5,78.87,2077.3171040953466,59853.0,83845.0,20140.0,0.0
Lichtenfels,66838.0,21156.0,87,171,40,298,0,3,13,16,519.94,128.54944801323228,22544.0,36351.0,7943.0,0.0
Limburg-Weilburg,172083.0,21348.000000000004,98,184,10,292,0,5,1,6,738.44,233.03585937923188,61502.0,91732.0,18849.0,0.0
Lippe,348391.0,22239.0,215,462,78,755,0,10,19,29,1246.22,279.5581839482595,128444.0,177098.0,42849.0,0.0
Ludwigsburg,543984.0,25230.999999999996,451,1137,203,1791,0,29,43,72,686.77,792.0905106513097,207820.0,278262.0,57902.0,0.0
Ludwigslust-Parchim,212618.0,19149.0,25,63,1,89,0,2,0,2,4766.78,44.6041143077717,64200.0,122498.0,25920.0,1.0
Lörrach,228639.0,25461.0,140,430,97,667,0,25,36,61,806.71,283.42155173482416,84958.0,118878.0,24803.0,0.0
Lübeck,217198.0,19575.0,69,94,3,166,0,1,0,1,214.21,1013.9489286214462,80008.0,109402.0,27788.0,0.0
Lüchow-Dannenberg,48424.0,19529.0,4,14,3,21,0,0,3,3,1227.22,39.45828783755154,14769.0,26529.0,7126.0,0.0
Lüneburg,183372.0,20583.000000000004,84,81,3,168,0,0,0,0,1327.67,138.11564620726534,68924.0,95437.0,19011.0,0.0
Magdeburg,238697.0,18206.0,120,93,5,218,0,1,1,2,201.01,1187.4881846674296,91632.0,115075.0,31990.0,1.0
Main-Kinzig-Kreis,41895.0,22932.0,218,474,74,766,0,18,29,47,1397.32,29.98239487018006,150145.0,222730.0,46075.0,0.0
Main-Spessart,126365.0,22524.0,53,96,8,157,0,4,2,6,1321.19,95.64483533783937,42569.0,68940.0,14856.0,0.0
Main-Tauber-Kreis,132321.0,22232.0,100,261,37,398,0,5,5,10,1304.13,101.46304432840283,46945.0,69884.0,15492.0,0.0
Main-Taunus-Kreis,237735.0,26641.0,77,253,26,356,0,7,7,14,222.53,1068.3278659057205,84907.0,125737.0,27091.0,0.0
Mainz,217118.0,21515.0,287,321,61,669,0,7,19,26,97.73,2221.6105597053106,97624.0,99093.0,20401.0,0.0
Mainz-Bingen,210889.0,25408.0,116,251,65,432,0,5,20,25,605.36,348.3695652173913,73628.0,115573.0,21688.0,0.0
Mannheim,30937.0,20592.0,199,279,17,495,0,6,7,13,144.97,213.40277298751465,129785.0,149468.0,30117.0,0.0
Mansfeld-Südharz,136249.0,18203.0,19,29,6,54,0,1,1,2,1448.85,94.03941056700143,36418.0,78447.0,21384.0,1.0
Marburg-Biedenkopf,246648.0,20485.0,61,138,3,202,0,4,0,4,1262.37,195.3848713134818,100589.0,120809.0,25250.0,0.0
Mayen-Koblenz,214259.0,21895.0,61,252,32,345,0,6,8,14,817.73,262.01680261210913,75402.0,114769.0,24088.0,0.0
Mecklenburgische Seenplatte,25913.0,18062.0,36,77,12,125,0,2,1,3,5495.63,4.715200986966008,77005.0,146788.0,35337.0,1.0
Meißen,242165.0,20022.000000000004,53,160,27,240,0,4,16,20,1454.59,166.48333894774473,71101.0,133643.0,37421.0,1.0
Memmingen,43837.0,26941.0,5,44,2,51,0,0,0,0,70.11,625.2603052346313,16446.0,22253.0,5138.0,0.0
Merzig-Wadern,103243.0,19067.0,63,127,26,216,0,0,2,2,556.66,185.46868824776345,34222.0,56995.0,12149.0,0.0
Mettmann,485684.0,25021.0,242,601,135,978,0,33,46,79,407.22,1192.6820883060752,164862.0,257042.0,63780.0,0.0
Miesbach,99726.0,28017.0,149,402,35,586,0,5,6,11,866.22,115.12779663364965,34915.0,52624.0,12187.0,0.0
Miltenberg,128756.0,22544.0,88,192,25,305,0,2,3,5,715.58,179.932362559043,45366.0,69257.0,14133.0,0.0
Minden-Lübbecke,31071.0,22261.999999999996,127,326,38,491,0,6,6,12,1152.41,26.961758401957635,113488.0,159871.0,37351.0,0.0
Mittelsachsen,306185.0,19433.0,76,183,25,284,0,4,5,9,2116.85,144.64180267850816,91358.0,168444.0,46383.0,1.0
Märkisch-Oderland,194328.0,19407.0,80,144,16,240,0,1,3,4,2158.65,90.02293099854074,57114.0,112217.0,24997.0,1.0
Märkischer Kreis,41212.0,24136.999999999996,157,403,50,610,0,18,13,31,1061.06,38.84040487814073,147000.0,216290.0,48830.0,0.0
Mönchengladbach,261454.0,20656.0,226,350,89,665,0,8,33,41,170.47,1533.7244089869184,98976.0,134216.0,28262.0,0.0
München,1820379.0,29724.47937544874,2969,4420,672,8061,2,117,178,297,974.97,1867.1128342410534,754202.0,889640.0,176537.0,0.0
Münster,314319.0,22261.0,293,412,28,733,0,7,6,13,303.28,1036.3987074650488,142687.0,142264.0,29368.0,0.0
Neckar-Odenwald-Kreis,143535.0,21775.0,106,266,69,441,0,6,15,21,1125.94,127.48014991917863,51253.0,76350.0,15932.0,0.0
Neu-Ulm,1742.0,23441.999999999996,110,255,65,430,0,7,19,26,515.84,3.377016129032258,66222.0,89532.0,18446.0,0.0
Neuburg-Schrobenhausen,9668.0,22558.000000000004,103,197,34,334,0,9,9,18,739.72,13.06981019845347,36721.0,50469.0,9490.0,0.0
Neumünster,79487.0,18922.0,30,45,3,78,0,2,0,2,71.63,1109.6886779282424,29649.0,40067.0,9771.0,0.0
Neunkirchen,131408.0,20134.0,67,160,45,272,0,3,7,10,249.8,526.052842273819,43168.0,72053.0,16985.0,0.0
Neuwied,181941.0,22671.999999999996,55,137,19,211,0,1,3,4,627.06,290.1492680126304,64617.0,96099.0,21225.0,0.0
Nordfriesland,165507.0,24384.0,36,50,4,90,0,1,0,1,2083.01,79.45569152332442,56836.0,87888.0,20783.0,0.0
Nordhausen,83822.0,17910.999999999996,16,48,2,66,0,1,1,2,713.91,117.41255900603718,26460.0,45518.0,11844.0,1.0
Nordsachsen,197673.0,18980.0,42,94,6,142,0,0,0,0,2028.56,97.44498560555272,58653.0,111551.0,27469.0,1.0
Nordwestmecklenburg,156729.0,18475.0,25,52,2,79,0,1,0,1,2127.12,73.68131558163151,49828.0,87887.0,19014.0,1.0
Northeim,132765.0,21284.000000000004,44,79,16,139,0,1,4,5,1268.77,104.64071502321146,42800.0,71840.0,18125.0,0.0
Nürnberg,518365.0,21785.0,377,602,122,1101,0,22,27,49,186.45,2780.182354518638,206986.0,255419.0,55960.0,0.0
Nürnberger Land,170365.0,24993.000000000004,146,401,84,631,0,14,30,44,799.52,213.08410046027618,58497.0,92091.0,19777.0,0.0
Oberallgäu,155362.0,23482.0,54,122,10,186,0,3,4,7,1527.99,101.67736699847512,54652.0,82187.0,18523.0,0.0
Oberbergischer Kreis,272471.0,22691.0,129,319,42,490,0,9,9,18,918.85,296.5347989334494,99435.0,141687.0,31349.0,0.0
Oberhausen,210829.0,18180.999999999996,76,165,32,273,0,1,9,10,77.09,2734.8423920093396,76008.0,110905.0,23916.0,0.0
Oberhavel,211249.0,20718.000000000004,125,182,13,320,0,6,3,9,1808.18,116.82962979349401,66147.0,119048.0,26054.0,1.0
Oberspreewald-Lausitz,110476.0,18699.0,10,40,2,52,0,2,0,2,1223.09,90.32532356572288,30634.0,62100.0,17742.0,1.0
Odenwaldkreis,96798.0,21418.000000000004,66,251,92,409,0,19,42,61,623.97,155.132458291264,32934.0,52246.0,11618.0,0.0
Oder-Spree,178658.0,19188.0,40,92,8,140,0,1,1,2,2256.75,79.16605738340535,51638.0,101239.0,25781.0,1.0
Offenbach,354092.0,23449.0,248,513,88,849,0,17,32,49,356.24,993.9703570626543,129536.0,185551.0,39005.0,0.0
Oldenburg,146965.0,22019.295451297927,131,219,48,398,0,4,12,16,1064.84,138.01603996844597,45631.0,70232.0,14281.0,0.0
Olpe,134775.0,27131.999999999996,149,385,117,651,0,18,38,56,712.14,189.25351756677057,49438.0,71089.0,14248.0,0.0
Ortenaukreis,429479.0,22800.0,224,760,224,1208,0,44,81,125,1850.34,232.10815309618775,159582.0,222759.0,47138.0,0.0
Osnabrück,522091.0,21456.610914572364,501,1045,173,1719,0,32,44,76,2241.61,232.9089359879729,204190.0,261592.0,56309.0,0.0
Ostalbkreis,314002.0,23888.0,589,713,101,1403,1,17,19,37,1511.37,207.75984702620804,118702.0,161112.0,34188.0,0.0
Ostallgäu,140316.0,23281.0,129,295,79,503,0,12,27,39,1394.45,100.6246190254222,51935.0,73173.0,15208.0,0.0
Osterholz,113517.0,21846.0,36,76,5,117,0,0,0,0,652.67,173.92709945301607,37563.0,62257.0,13697.0,0.0
Ostholstein,200581.0,22569.000000000004,23,40,5,68,0,0,0,0,1392.59,144.03449687273354,60063.0,111428.0,29090.0,0.0
Ostprignitz-Ruppin,99078.0,17924.0,32,46,4,82,0,0,0,0,2526.57,39.21442904807704,29092.0,56569.0,13417.0,1.0
Paderborn,30689.0,20913.0,205,385,94,684,0,6,28,34,1246.8,24.614212383702277,126360.0,152004.0,28526.0,0.0
Passau,244512.0,21056.73197225494,219,397,102,718,1,12,35,48,1599.6699999999998,152.8515256271606,89094.0,128450.0,26968.0,0.0
Peine,133965.0,21203.000000000004,35,101,24,160,0,4,7,11,536.5,249.7017707362535,47364.0,71300.0,15301.0,0.0
Pforzheim,125542.0,22881.999999999996,166,215,25,406,0,4,4,8,98.07,1280.1264402977465,51453.0,60277.0,13812.0,0.0
Pinneberg,314391.0,24124.000000000004,125,354,123,602,0,8,38,46,664.25,473.3022205494919,109906.0,166885.0,37600.0,0.0
Pirmasens,40403.0,19649.0,6,23,2,31,0,0,0,0,61.36,658.4582790091265,13906.0,20753.0,5744.0,0.0
Plön,128647.0,22362.0,25,88,7,120,0,6,2,8,1083.2,118.76569423929098,40283.0,70475.0,17889.0,0.0
Potsdam,178089.0,19550.0,213,304,109,626,0,14,37,51,188.26,945.9736534579837,71228.0,87260.0,19601.0,1.0
Potsdam-Mittelmark,214664.0,21746.0,113,359,93,565,0,9,26,35,2592.02,82.81726221248293,66305.0,122925.0,25434.0,1.0
Prignitz,76508.0,18335.0,1,26,1,28,0,0,0,0,2138.55,35.775642374506084,21431.0,43155.0,11922.0,1.0
Rastatt,231018.0,22803.0,119,375,28,522,0,8,9,17,738.43,312.85023631217587,81950.0,122918.0,26150.0,0.0
Ravensburg,284285.0,22965.999999999996,145,371,43,559,0,3,5,8,1632.1,174.1835671833834,110722.0,144277.0,29286.0,0.0
Recklinghausen,615261.0,19860.0,439,785,95,1319,0,19,21,40,761.31,808.1609331284234,211868.0,331047.0,72346.0,0.0
Regen,77656.0,20464.000000000004,80,103,13,196,0,4,7,11,974.8,79.66352072219942,27072.0,42138.0,8446.0,0.0
Regensburg,208833.0,22918.057002485235,467,644,46,1157,0,12,13,25,1472.52,141.82014505745252,139106.0,175026.0,32050.0,0.0
Rems-Murr-Kreis,426158.0,24638.0,420,969,227,1616,0,32,60,92,858.08,496.6413388029088,157144.0,220414.0,48600.0,0.0
Remscheid,110994.0,22413.0,61,135,44,240,0,3,15,18,74.52,1489.4524959742353,39837.0,57759.0,13398.0,0.0
Rendsburg-Eckernförde,272775.0,23135.0,46,178,31,255,0,9,5,14,2189.25,124.59746488523467,91553.0,147767.0,33455.0,0.0
Reutlingen,286748.0,23954.0,313,934,298,1545,1,21,60,82,1027.85,278.97845016296156,108286.0,146608.0,31854.0,0.0
Rhein-Erft-Kreis,470089.0,21815.0,229,701,180,1110,0,18,58,76,704.71,667.0673042811936,168844.0,249780.0,51465.0,0.0
Rhein-Hunsrück-Kreis,102937.0,23219.0,31,121,16,168,0,3,3,6,991.06,103.86555808931851,35158.0,55752.0,12027.0,0.0
Rhein-Kreis Neuss,451007.0,24546.0,165,492,72,729,0,8,12,20,576.42,782.4277436591375,157505.0,240916.0,52586.0,0.0
Rhein-Lahn-Kreis,122308.0,21785.0,35,116,7,158,0,5,1,6,782.24,156.35610554305583,41245.0,66556.0,14507.0,0.0
Rhein-Neckar-Kreis,547625.0,24048.0,265,617,78,960,0,16,22,38,1061.55,515.8730158730159,197111.0,289350.0,61164.0,0.0
Rhein-Pfalz-Kreis,154201.0,25441.0,79,163,9,251,0,3,2,5,304.99,505.5936260205252,52452.0,83261.0,18488.0,0.0
Rhein-Sieg-Kreis,59978.0,22975.0,456,850,149,1455,0,10,40,50,1153.21,52.009607963857405,216519.0,316227.0,67034.0,0.0
Rheingau-Taunus-Kreis,187157.0,24671.0,71,171,6,248,0,3,2,5,811.41,230.65651150466473,63333.0,101747.0,22077.0,0.0
Rheinisch-Bergischer Kreis,283455.0,25295.0,106,302,63,471,0,8,13,21,437.32,648.1638159699991,95563.0,151585.0,36307.0,0.0
Rhön-Grabfeld,7969.0,21543.000000000004,67,112,16,195,0,4,2,6,1021.72,7.799592843440473,27968.0,42568.0,9154.0,0.0
Rosenheim,324307.0,24085.642579407784,807,1623,369,2799,1,75,141,217,1476.67,219.62049747066033,120446.0,168787.0,35074.0,0.0
Rostock,423999.0,18514.257755324896,55,111,13,179,0,1,4,5,3612.65,117.36509210690214,145928.0,223036.0,55035.0,1.0
Rotenburg (Wümme),163455.0,21471.999999999996,29,72,9,110,1,1,0,2,2074.78,78.78184675001687,59438.0,86413.0,17604.0,0.0
Roth,126958.0,23592.0,92,169,26,287,0,2,5,7,895.15,141.82874378595767,45348.0,68030.0,13580.0,0.0
Rottal-Inn,120659.0,22109.0,154,490,89,733,0,22,26,48,1281.22,94.17508312389754,43654.0,63612.0,13393.0,0.0
Rottweil,139455.0,24476.0,194,420,61,675,0,9,17,26,769.42,181.2469132593382,51855.0,71683.0,15917.0,0.0
Saale-Holzland-Kreis,83051.0,18992.0,18,48,7,73,0,2,1,3,815.24,101.87306805357932,24576.0,47594.0,10881.0,1.0
Saale-Orla-Kreis,80868.0,19008.0,24,88,37,149,0,1,11,12,1151.3,70.24059758533832,23370.0,46214.0,11284.0,1.0
Saalekreis,184582.0,19664.0,25,91,15,131,0,4,3,7,1433.71,128.74430672869687,54299.0,106423.0,23860.0,1.0
Saalfeld-Rudolstadt,104142.0,19355.999999999996,13,54,4,71,0,0,0,0,1036.03,100.52025520496511,29240.0,60288.0,16828.0,1.0
Saarlouis,194319.0,20904.0,158,325,71,554,0,9,14,23,459.35,423.03036899967344,65126.0,105782.0,24293.0,0.0
Salzgitter,104948.0,19585.0,38,96,11,145,0,4,4,8,224.49,467.49521136798967,39773.0,52422.0,12753.0,0.0
Salzlandkreis,19056.0,18207.0,11,56,1,68,0,0,0,0,1426.83,13.355480330522909,54429.0,107587.0,28544.0,1.0
Schaumburg,157781.0,21404.0,31,119,12,162,0,2,5,7,675.68,233.51438550793276,52312.0,84387.0,21082.0,0.0
Schleswig-Flensburg,200025.0,21871.0,40,100,19,159,0,2,2,4,2071.13,96.57771361527281,68442.0,106985.0,24598.0,0.0
Schmalkalden-Meiningen,125646.0,19992.0,39,90,18,147,0,3,1,4,1210.73,103.77706012075359,36196.0,69185.0,16966.0,1.0
Schwabach,40792.0,25418.000000000004,19,57,3,79,0,0,2,2,40.8,999.8039215686275,14621.0,21464.0,4707.0,0.0
Schwalm-Eder-Kreis,180222.0,20898.000000000004,136,312,83,531,0,13,24,37,1539.02,117.10179204948604,60853.0,97671.0,21698.0,0.0
Schwandorf,147189.0,20927.0,130,340,36,506,0,10,9,19,1465.06,100.46619251088693,53078.0,78665.0,15446.0,0.0
Schwarzwald-Baar-Kreis,212381.0,23851.0,137,352,81,570,0,14,16,30,1025.33,207.13428847297945,79067.0,107722.0,25592.0,0.0
Schweinfurt,169138.0,21637.88026345351,259,348,88,695,0,15,28,43,877.09,192.83995941123487,61539.0,87543.0,20056.0,0.0
Schwerin,95818.0,18378.0,46,45,0,91,0,0,0,0,130.52,734.1250383083052,33480.0,48645.0,13693.0,1.0
Schwäbisch Hall,195861.0,23061.0,210,548,111,869,0,20,38,58,1484.07,131.97558066668014,75633.0,101101.0,19127.0,0.0
Segeberg,276032.0,22953.000000000004,76,230,26,332,0,4,3,7,1344.42,205.3167908838012,96723.0,147847.0,31462.0,0.0
Siegen-Wittgenstein,27821.0,23134.0,99,192,24,315,0,4,4,8,1132.89,24.557547511232332,104862.0,141802.0,31546.0,0.0
Sigmaringen,130873.0,22061.999999999996,195,522,59,776,0,14,20,34,1204.23,108.67774428472966,49456.0,67335.0,14082.0,0.0
Soest,301902.0,21845.0,92,262,22,376,0,4,4,8,1328.63,227.22804693556517,109171.0,158734.0,33997.0,0.0
Solingen,15936.0,23357.0,102,163,24,289,0,3,5,8,89.54,177.97632343086886,58187.0,82275.0,18898.0,0.0
Sonneberg,5841.0,19995.0,58,179,51,288,0,8,13,21,433.61,13.470630289891838,15788.0,32061.0,8347.0,1.0
Speyer,50378.0,23860.0,30,63,2,95,0,1,0,1,42.71,1179.5364083352845,17666.0,26719.0,5993.0,0.0
Spree-Neiße,114429.0,19252.0,22,43,0,65,0,0,0,0,1656.97,69.05918634616197,29880.0,67417.0,17132.0,1.0
Stade,203102.0,21968.000000000004,72,128,15,215,0,3,5,8,1267.38,160.25343622275875,74719.0,106205.0,22178.0,0.0
Starnberg,136092.0,34986.99999999999,177,331,32,540,0,5,8,13,487.72,279.0371524645288,47441.0,71460.0,17191.0,0.0
Steinburg,131347.0,21119.0,69,102,10,181,0,0,3,3,1055.72,124.41461751221915,44886.0,70512.0,15949.0,0.0
Steinfurt,447614.0,21330.0,383,803,153,1339,0,30,52,82,1795.76,249.26159397692342,169012.0,231952.0,46650.0,0.0
Stendal,111982.0,17921.0,24,69,14,107,0,2,4,6,2423.24,46.21168353114013,33521.0,63283.0,15178.0,1.0
Stormarn,243196.0,25006.0,94,248,77,419,0,15,18,33,766.29,317.3680982395699,81245.0,131097.0,30854.0,0.0
Straubing,47794.0,21736.0,84,245,99,428,0,19,29,48,67.59,707.1164373428021,17641.0,24948.0,5205.0,0.0
Straubing-Bogen,100649.0,21801.0,146,340,62,548,0,12,17,29,1201.62,83.76108919625173,36787.0,54141.0,9721.0,0.0
Stuttgart,63483.0,25011.999999999996,543,828,142,1513,0,28,35,63,207.33,306.19302561134424,269685.0,302592.0,62553.0,0.0
Suhl,36955.0,20698.0,3,15,2,20,0,2,0,2,103.03,358.68193729981556,9352.0,19762.0,5721.0,1.0
Sächsische Schweiz-Osterzgebirge,245611.0,19758.0,101,251,37,389,0,0,2,2,1654.18,148.47900470323665,74431.0,134067.0,37113.0,1.0
Sömmerda,69655.0,18790.0,11,26,0,37,0,1,0,1,806.84,86.33062317188042,20979.0,40452.0,8224.0,1.0
Südliche Weinstraße,110356.0,23424.0,38,109,8,155,0,3,0,3,639.95,172.4447222439253,36349.0,61103.0,12904.0,0.0
Südwestpfalz,95113.0,22459.0,32,64,10,106,0,2,1,3,953.5,99.75144205558469,29496.0,52971.0,12646.0,0.0
Teltow-Fläming,168296.0,19408.0,30,106,17,153,0,6,6,12,2104.23,79.97985011144219,54589.0,93152.0,20555.0,1.0
Tirschenreuth,72504.0,21081.999999999996,220,697,219,1136,1,49,88,138,1084.25,66.87018676504496,24682.0,39151.0,8671.0,0.0
Traunstein,177089.0,23908.0,393,740,189,1322,0,26,61,87,1533.76,115.46069789276028,63360.0,92603.0,21126.0,0.0
Trier,110636.0,19857.0,53,47,3,103,0,1,0,1,117.07,945.0414282053473,49251.0,50772.0,10613.0,0.0
Trier-Saarburg,148945.0,22541.0,48,127,26,201,0,4,5,9,1102.23,135.13059887682243,52109.0,80912.0,15924.0,0.0
Tuttlingen,140152.0,25338.0,124,325,56,505,0,10,13,23,734.38,190.84397723249543,55298.0,70080.0,14774.0,0.0
Tübingen,227331.0,22680.0,370,760,162,1292,0,18,42,60,519.12,437.9160887656033,99129.0,108028.0,20174.0,0.0
Uckermark,119552.0,17628.0,10,28,6,44,0,2,0,2,3076.89,38.85481768929016,33492.0,68243.0,17817.0,1.0
Uelzen,92572.0,20387.0,17,26,1,44,0,0,0,0,1462.59,63.293199050998574,30045.0,49638.0,12889.0,0.0
Ulm,126329.0,29641.0,96,174,18,288,0,2,3,5,118.68,1064.4506235254464,54864.0,59118.0,12347.0,0.0
Unna,394782.0,20805.999999999996,188,419,118,725,1,13,24,38,543.21,726.7576075550892,136458.0,211400.0,46924.0,0.0
Unstrut-Hainich-Kreis,102912.0,18213.0,10,72,9,91,0,3,0,3,979.69,105.04547356816951,32216.0,57071.0,13625.0,1.0
Unterallgäu,144041.0,24933.000000000004,86,163,22,271,0,6,8,14,1229.59,117.14555258256819,53478.0,74609.0,15954.0,0.0
Vechta,141598.0,21502.0,112,208,26,346,0,4,6,10,814.2,173.91058707934167,60561.0,69389.0,11648.0,0.0
Verden,136792.0,23066.0,77,130,30,237,0,1,2,3,789.39,173.28823521959995,48860.0,72434.0,15498.0,0.0
Viersen,298935.0,22491.999999999996,168,411,146,725,0,5,32,37,563.28,530.7040903280785,101862.0,162442.0,34631.0,0.0
Vogelsbergkreis,105878.0,21608.0,35,82,4,121,0,4,1,5,1458.91,72.57335956296139,34169.0,58231.0,13478.0,0.0
Vogtlandkreis,227796.0,19311.0,111,309,83,503,0,10,11,21,1412.43,161.2794970370213,63826.0,127143.0,36827.0,1.0
Vorpommern-Greifswald,236697.0,18259.0,31,81,27,139,0,3,4,7,3945.58,59.99041965946705,75735.0,129415.0,31547.0,1.0
Vorpommern-Rügen,224684.0,17303.0,20,64,6,90,0,2,0,2,3214.45,69.89811631849928,66381.0,126973.0,31330.0,1.0
Vulkaneifel,60603.0,21291.999999999996,29,69,21,119,0,3,2,5,911.64,66.47689877583257,20138.0,32777.0,7688.0,0.0
Waldeck-Frankenberg,156953.0,21041.0,42,120,12,174,0,0,5,5,1848.7,84.89911829934549,54081.0,83616.0,19256.0,0.0
Waldshut,170619.0,23761.999999999996,57,196,58,311,0,10,25,35,1131.1,150.8434267527186,63445.0,88328.0,18846.0,0.0
Warendorf,277783.0,22576.0,180,392,45,617,0,5,15,20,1319.42,210.5341741068045,101403.0,145448.0,30932.0,0.0
Wartburgkreis,119726.0,19832.0,16,65,2,83,0,2,0,2,1307.43,91.57354504638872,36632.0,70255.0,16138.0,1.0
Weilheim-Schongau,135348.0,23691.0,112,232,11,355,0,2,1,3,966.3,140.06830176963678,49211.0,70758.0,15379.0,0.0
Weimar,6509.0,18635.0,22,42,5,69,0,0,0,0,84.48,77.04782196969697,24887.0,32075.0,8128.0,1.0
Weimarer Land,81947.0,19053.0,9,48,17,74,0,1,3,4,804.48,101.863315433572,25356.0,47216.0,9375.0,1.0
Weißenburg-Gunzenhausen,94393.0,22044.0,82,205,45,332,0,10,15,25,970.78,97.23418282206062,34003.0,49692.0,10698.0,0.0
Werra-Meißner-Kreis,101017.0,19785.0,46,114,65,225,0,2,14,16,1024.83,98.56951884702829,33148.0,54191.0,13678.0,0.0
Wesel,459809.0,21372.0,162,442,66,670,0,10,17,27,1042.8,440.93690065209057,154884.0,249428.0,55497.0,0.0
Wesermarsch,88624.0,20760.0,23,47,1,71,0,2,0,2,824.78,107.4516840854531,30377.0,47445.0,10802.0,0.0
Westerwaldkreis,201597.0,24108.0,67,236,64,367,0,4,17,21,989.04,203.83098762436302,71639.0,108235.0,21723.0,0.0
Wetteraukreis,30646.0,22944.000000000004,83,233,36,352,0,5,8,13,1100.66,27.843294023585848,109648.0,163410.0,33402.0,0.0
Wiesbaden,278342.0,22928.0,137,294,32,463,0,12,9,21,203.87,1365.2916073968706,108778.0,139756.0,29808.0,0.0
Wilhelmshaven,76278.0,18047.0,5,20,2,27,0,0,1,1,107.07,712.4124404595125,27958.0,37447.0,10873.0,0.0
Wittenberg,12584.0,19112.000000000004,37,92,27,156,0,1,2,3,1930.45,6.5186873526897875,34615.0,71716.0,19509.0,1.0
Wittmund,56882.0,20270.0,18,20,3,41,0,0,0,0,656.86,86.59683950918004,19309.0,30806.0,6767.0,0.0
Wolfenbüttel,11996.0,21555.999999999996,36,122,32,190,0,4,10,14,724.3,16.562197984260667,40057.0,64898.0,15005.0,0.0
Wolfsburg,124151.0,24083.000000000004,91,179,81,351,0,16,35,51,204.61,606.7689751234054,46568.0,61763.0,15820.0,0.0
Worms,8333.0,20300.0,82,120,20,222,0,3,4,7,108.73,76.63938195530213,32436.0,42067.0,8827.0,0.0
Wuppertal,354382.0,20759.0,266,522,186,974,0,23,62,85,168.39,2104.5311479304,137757.0,176706.0,39919.0,0.0
Würzburg,174622.0,22807.2576651281,260,466,159,885,0,12,47,59,1055.96,165.3680063638774,115068.0,143130.0,31516.0,0.0
Zollernalbkreis,188935.0,25026.999999999996,266,746,196,1208,0,26,51,77,917.58,205.90575208701148,67846.0,98646.0,22443.0,0.0
Zweibrücken,34209.0,19750.999999999996,15,24,1,40,0,1,0,1,70.64,484.2723669309173,12496.0,17445.0,4268.0,0.0
Zwickau,317531.0,19959.0,190,555,138,883,0,14,37,51,949.79,334.31705956053446,92634.0,174916.0,49981.0,1.0
