Landkreis,Income,Cases,Deaths,LK_Einwohner,Cases_Per_Million,Area,Avg_Age,Std_dev,<30,30-65,>65,Density,west(0)/east(1)
Ahrweiler,22962.0,195.0,1.0,129727.0,1503.1566289207335,787.02,47.14919022254426,24.749372432510928,36492.0,61430.0,31805.0,164.8331681532871,0.0
Aichach-Friedberg,24748.0,390.0,20.0,133596.0,2919.2490793137517,780.24,44.081207521183266,24.23401676027719,41489.0,65623.0,26484.0,171.2242386957859,0.0
Alb-Donau-Kreis,22884.0,650.0,27.0,196047.0,3315.531479696195,1358.55,43.58553306094967,24.248563477946323,63530.0,94797.0,37720.0,144.30606160980457,0.0
Altenburger Land,18822.0,75.0,4.0,90118.0,832.2421713753079,569.41,51.01420359972481,24.721364940072316,19289.0,43488.0,27341.0,158.26557313710683,1.0
Altenkirchen (Westerwald),21176.0,172.0,11.0,128705.0,1336.3894176605415,642.38,45.79624334718931,24.475847235343462,38192.0,61819.0,28694.0,200.35648681465798,0.0
Altmarkkreis Salzwedel,19255.0,33.0,1.0,83765.0,393.9592908732764,2293.05,48.07911418850355,24.375561823467105,20432.0,43097.0,20236.0,36.52994919430453,1.0
Altötting,22865.0,604.0,53.0,111210.0,5431.166262026796,569.29,45.17591043970866,24.53363343892553,33735.0,53277.0,24198.0,195.34859210595656,0.0
Alzey-Worms,22245.0,270.0,11.0,129244.0,2089.0718331218472,588.07,44.74146962334809,23.92728708400697,38492.0,64844.0,25908.0,219.7765572125767,0.0
Amberg,21583.000000000004,89.0,4.0,41970.0,2120.56230640934,50.13,46.24630688587086,24.502980836480706,12304.0,19829.0,9837.0,837.2232196289647,0.0
Amberg-Sulzbach,21427.0,496.0,53.0,103109.0,4810.443317266195,1255.87,45.63896944010707,24.083402129750137,30270.0,51159.0,21680.0,82.1016506485544,0.0
Ammerland,21515.0,189.0,5.0,124071.0,1523.321324080567,730.57,45.80927452829428,24.706871436056975,36691.0,58700.0,28680.0,169.8276688065483,0.0
Anhalt-Bitterfeld,18669.0,73.0,2.0,159854.0,456.6667083713889,1453.54,49.94955709584996,24.45986823300093,35754.0,79729.0,44371.0,109.97564566506598,1.0
Ansbach,22278.35373523003,748.0,35.0,225796.0,3312.724760403196,2071.24,44.50205052348137,24.216705143299702,70311.0,109751.0,45734.0,109.01488963133197,0.0
Aschaffenburg,23802.684675260996,656.0,39.0,244735.0,2680.4502829591192,761.35,45.370815371728604,24.130621347730493,71863.0,120819.0,52053.0,321.4487423655349,0.0
Augsburg,21429.98664091068,816.0,24.0,546669.0,1492.6765556488479,1217.4899999999998,43.788721328628476,24.0888104034534,175422.0,262363.0,108884.0,449.01313357809926,0.0
Aurich,19701.0,130.0,8.0,189848.0,684.7583329821751,1287.36,45.74033964013316,24.349651020911733,56669.0,89890.0,43289.0,147.47079294059162,0.0
Bad Dürkheim,25615.0,329.0,12.0,132660.0,2480.0241218151664,594.64,47.37104628373285,24.401946672817004,35664.0,64941.0,32055.0,223.09296381003634,0.0
Bad Kissingen,21738.000000000004,258.0,19.0,103218.0,2499.5640295297335,1136.84,47.25395279893042,24.60696058783004,28551.0,49475.0,25192.0,90.79377924773935,0.0
Bad Kreuznach,21680.0,201.0,7.0,158080.0,1271.5080971659918,863.89,46.312503162955466,24.559602006506154,45480.0,75824.0,36776.0,182.9862598247462,0.0
Bad Tölz-Wolfratshausen,25486.0,426.0,10.0,127227.0,3348.3458699804287,1110.67,44.82416075204163,24.546274716556784,39008.0,61074.0,27145.0,114.54977626117568,0.0
Baden-Baden,29565.0,185.0,19.0,55123.0,3356.130834678809,140.19,47.92368884131851,24.830469487988758,14828.0,25905.0,14390.0,393.2020828875098,0.0
Bamberg,22088.26368402781,626.0,58.0,224678.0,2786.2095977354256,1222.4199999999998,43.84245898574849,23.79349712290485,71327.0,110521.0,42830.0,183.79771273375766,0.0
Barnim,19707.0,422.0,29.0,182760.0,2309.039177062815,1479.67,47.42915845918144,24.39404477800414,45330.0,94246.0,43184.0,123.51402677624064,1.0
Bautzen,19467.0,503.0,20.0,300880.0,1671.7628290348312,2395.6,49.13172859611805,25.095819513400635,70914.0,147650.0,82316.0,125.59692770078478,1.0
Bayreuth,21257.858131487887,630.0,39.0,178313.0,3533.1131213091585,1340.5200000000002,45.36996741684566,24.191564911697117,55718.0,83387.0,39208.0,133.01778414346668,0.0
Berchtesgadener Land,22131.999999999996,305.0,22.0,105722.0,2884.924613609277,839.83,45.972626321863,24.686759688918254,31252.0,49470.0,25000.0,125.88500053582273,0.0
Bergstraße,23330.0,363.0,3.0,269694.0,1345.969876971679,719.47,45.88021238885552,24.299135156081586,77682.0,132148.0,59864.0,374.85093193600846,0.0
Berlin,19719.0,7733.0,211.0,3754418.0,2059.7067241846808,891.12,43.151354687439124,23.88599051754551,1148101.0,1797161.0,699564.0,4213.145255408924,0.0
Bernkastel-Wittlich,22529.0,171.0,2.0,112262.0,1523.2224617412837,1167.94,46.25053891788851,24.44466900318207,32083.0,54607.0,25572.0,96.11966368135349,0.0
Biberach,22970.0,600.0,34.0,199742.0,3003.874998748385,1409.53,43.06171961830762,24.136060871092212,65729.0,96915.0,37098.0,141.70822898412948,0.0
Bielefeld,22659.000000000004,431.0,5.0,333786.0,1291.246487270287,258.82,43.371311259309856,24.441760273151655,112827.0,154580.0,66379.0,1289.645313345182,0.0
Birkenfeld,21504.0,90.0,2.0,80720.0,1114.9653121902875,776.83,47.08595763131814,24.603892535755186,22734.0,38401.0,19585.0,103.90947826422769,0.0
Bochum,19620.0,592.0,19.0,364628.0,1623.5725177441118,145.66,45.24362363833825,24.294467530397476,113164.0,170961.0,80503.0,2503.2816147192093,0.0
Bodenseekreis,25728.0,294.0,8.0,216227.0,1359.6821858509807,664.79,45.456305179279184,24.663139132461016,65171.0,102157.0,48899.0,325.25609590998664,0.0
Bonn,23055.999999999996,754.0,8.0,327258.0,2303.992568554474,141.06,42.0909435369036,23.975245690623634,116056.0,152269.0,58933.0,2319.99149298171,0.0
Borken,21531.0,1111.0,38.0,370676.0,2997.22668853662,1420.98,43.496780206973206,24.17686343173532,121388.0,179098.0,70190.0,260.8594068882039,0.0
Bottrop,19674.0,211.0,7.0,117383.0,1797.534566334137,100.61,46.043558266529224,24.231430401178287,33760.0,57399.0,26224.0,1166.713050392605,0.0
Brandenburg an der Havel,17609.0,65.0,0.0,72124.0,901.2256669069934,229.72,48.88914924297044,25.159166177144154,17858.0,34400.0,19866.0,313.9648267456033,1.0
Braunschweig,21419.0,332.0,18.0,248292.0,1337.1353084271743,192.7,44.38748529956664,24.166431762716307,79686.0,116439.0,52167.0,1288.4898806434874,0.0
Breisgau-Hochschwarzwald,23963.0,1139.0,71.0,262795.0,4334.17682984836,1378.31,45.05157442112673,24.616848733362072,80602.0,124894.0,57299.0,190.66465454070564,0.0
Bremen,21327.0,1440.0,43.0,569352.0,2529.1910803861233,326.18,44.17553727746631,24.31445167676342,182875.0,267221.0,119256.0,1745.5147464590104,0.0
Bremerhaven,17741.0,196.0,6.0,113634.0,1724.8358765862329,93.66,44.38163313796927,24.747868047216354,36893.0,52022.0,24719.0,1213.260730301089,0.0
Burgenlandkreis,18674.0,119.0,2.0,180190.0,660.4140074365947,1413.7,49.856126866085795,24.651642187022937,40716.0,89251.0,50223.0,127.45985711254156,1.0
Böblingen,24506.999999999996,1416.0,47.0,391640.0,3615.5653150852822,617.77,43.774693596159736,24.399260024982375,124186.0,189642.0,77812.0,633.9576217686194,0.0
Börde,19778.0,164.0,13.0,171734.0,954.965236936192,2366.59,47.69047480405744,24.08855925845415,41413.0,89688.0,40633.0,72.56601270181991,1.0
Calw,23232.0,759.0,27.0,158397.0,4791.757419648099,797.29,44.7673030423556,24.35762800678414,48903.0,76534.0,32960.0,198.6692420574697,0.0
Celle,20291.0,220.0,15.0,178936.0,1229.489873474315,1550.82,45.82959270353646,24.868932417271132,53366.0,83778.0,41792.0,115.38154008846934,0.0
Cham,21238.000000000004,430.0,21.0,127882.0,3362.4747814391394,1520.13,45.35592968517852,24.018896486730583,37816.0,62942.0,27124.0,84.12569977567708,0.0
Chemnitz,19659.000000000004,210.0,6.0,247237.0,849.3874298749782,221.05,47.554457868361126,25.412273490382095,68432.0,110164.0,68641.0,1118.4664103144084,1.0
Cloppenburg,19820.0,116.0,0.0,169348.0,684.9800410988025,1420.42,41.31376809882609,23.905616754275066,61283.0,80342.0,27723.0,119.22389152504188,0.0
Coburg,24696.276797627877,469.0,29.0,128155.0,3659.6309156880343,638.7099999999999,46.51042097460107,24.392969050915987,36397.0,62039.0,29719.0,200.64661583504252,0.0
Cochem-Zell,21796.999999999996,135.0,1.0,61587.0,2192.0210434020164,692.43,47.37626447139819,24.507858062564743,17013.0,29594.0,14980.0,88.94328668601881,0.0
Coesfeld,23009.0,871.0,24.0,219929.0,3960.369028186369,1112.05,44.95660645026349,24.30992405513317,66810.0,107534.0,45585.0,197.76898520749967,0.0
Cottbus,19983.0,39.0,0.0,100219.0,389.1477663916024,165.62,47.43540645985292,24.89348488251421,27178.0,47600.0,25441.0,605.1141166525782,1.0
Cuxhaven,21011.999999999996,360.0,20.0,198213.0,1816.227997154576,2058.97,47.211615787057355,24.8032200718021,55110.0,93004.0,50099.0,96.26803693108691,0.0
Dachau,24410.999999999996,918.0,30.0,153884.0,5965.532479010163,579.16,43.270466715188064,23.81436379898544,48515.0,76979.0,28390.0,265.70205124663306,0.0
Dahme-Spreewald,20067.999999999996,252.0,8.0,169067.0,1490.5333388538272,2274.49,47.61819574488221,24.58414082479346,41942.0,86462.0,40663.0,74.3318282340217,1.0
Darmstadt,21986.0,223.0,18.0,159207.0,1400.692180620199,122.07,41.27657703492937,23.54428631376336,60188.0,71603.0,27416.0,1304.227082821332,0.0
Darmstadt-Dieburg,23714.000000000004,427.0,20.0,297399.0,1435.7815594537979,658.64,44.69533017932138,24.1822949816215,90385.0,145306.0,61708.0,451.53498117332686,0.0
Deggendorf,21776.0,327.0,15.0,119326.0,2740.391867656672,861.17,44.711060456229156,23.842654738072575,36629.0,58438.0,24259.0,138.56265313468887,0.0
Delmenhorst,18845.0,85.0,3.0,77607.0,1095.2620253327664,62.45,44.64400118546008,24.71189003913966,24592.0,35988.0,17027.0,1242.7061649319455,0.0
Dessau-Roßlau,19294.0,66.0,2.0,81237.0,812.4376823368663,244.75,51.12428450090476,25.116232847982552,18186.0,37554.0,25497.0,331.9182839632278,1.0
Diepholz,22469.0,378.0,26.0,216886.0,1742.8510830574587,1990.99,45.8446972142047,24.499265420471318,63492.0,104913.0,48481.0,108.93374652810913,0.0
Dingolfing-Landau,23052.0,220.0,9.0,96217.0,2286.498227963873,877.58,44.0427367305154,23.69578930226657,29945.0,47971.0,18301.0,109.63900726999248,0.0
Dithmarschen,21570.999999999996,70.0,4.0,133210.0,525.4860746190226,1428.14,46.967577509196005,24.740545714708052,38388.0,61860.0,32962.0,93.27516910106851,0.0
Donau-Ries,24066.0,353.0,23.0,133496.0,2644.2739857374004,1274.58,44.16921855336489,24.1139379219577,41862.0,65143.0,26491.0,104.73724677933123,0.0
Donnersbergkreis,21375.0,137.0,6.0,75101.0,1824.2100637807753,645.41,45.84210596396852,24.2016192672116,21635.0,37129.0,16337.0,116.36169256751523,0.0
Dortmund,18945.999999999996,869.0,9.0,587010.0,1480.3836391202876,280.71,44.059232381049725,24.2431388348561,189481.0,277320.0,120209.0,2091.161697125147,0.0
Dresden,18922.0,625.0,10.0,554649.0,1126.8387755138835,328.48,43.61338522200527,25.003394973180374,182602.0,250849.0,121198.0,1688.5320263029712,1.0
Duisburg,16881.0,1393.0,57.0,498590.0,2793.8787380412764,232.8,44.016929741872076,24.43346134640343,161582.0,235384.0,101624.0,2141.7096219931273,0.0
Düren,20526.0,605.0,39.0,263722.0,2294.0824049567345,941.77,45.031243127232464,24.293442067088883,80811.0,126876.0,56035.0,280.02803232211687,0.0
Düsseldorf,24881.999999999996,1630.0,36.0,619294.0,2632.02937538552,217.41,43.54809751103676,23.84828505458429,192244.0,307431.0,119619.0,2848.507428361161,0.0
Ebersberg,26614.0,518.0,5.0,142142.0,3644.243080862799,549.4,43.269818209959055,24.163134509386968,45410.0,70171.0,26561.0,258.7222424463051,0.0
Eichsfeld,19127.0,159.0,9.0,100380.0,1583.9808726838016,943.07,46.544784817692765,24.658430991578687,26637.0,49988.0,23755.0,106.43960681603699,1.0
Eichstätt,23779.0,302.0,18.0,132341.0,2281.9836634149656,1213.86,42.50762424343174,23.898417279012765,44052.0,65086.0,23203.0,109.02492873972288,0.0
Eifelkreis Bitburg-Prüm,21403.000000000004,187.0,5.0,98561.0,1897.3021783464046,1626.95,44.960400158277615,24.257503298315164,29913.0,48260.0,20388.0,60.580226804757366,0.0
Eisenach,19062.0,30.0,2.0,42370.0,708.0481472740147,104.17,47.79204625914562,25.005348363273974,11011.0,20394.0,10965.0,406.7389843525007,1.0
Elbe-Elster,18189.0,80.0,3.0,102638.0,779.4384146222646,1899.57,50.368835129289344,24.484747079001504,22174.0,51762.0,28702.0,54.032228346415245,1.0
Emden,18593.0,19.0,0.0,50195.0,378.5237573463492,112.34,44.108496862237274,24.388891777966283,16586.0,22962.0,10647.0,446.8132455047178,0.0
Emmendingen,22741.999999999996,530.0,43.0,165383.0,3204.6824643403497,679.79,44.8216412811474,24.34313577697987,50348.0,80444.0,34591.0,243.2854263816767,0.0
Emsland,20469.0,461.0,25.0,325657.0,1415.599848920797,2883.67,43.3460988094836,24.01518759955216,106490.0,157465.0,61702.0,112.93143806330127,0.0
Ennepe-Ruhr-Kreis,24220.0,462.0,14.0,324296.0,1424.624417199102,409.64,46.77980456126502,24.536455573200808,91419.0,156135.0,76742.0,791.6609706083391,0.0
Enzkreis,24829.0,667.0,21.0,198905.0,3353.35964405118,573.6,45.041268444734925,24.427031023832118,60376.0,96432.0,42097.0,346.7660390516039,0.0
Erding,24171.999999999996,627.0,11.0,137660.0,4554.699985471451,870.75,42.70817957286067,23.397169305826385,44388.0,70001.0,23271.0,158.09359747344243,0.0
Erfurt,18601.0,139.0,2.0,213699.0,650.4475921740392,269.91,44.864316164324585,24.519427251383146,64544.0,101730.0,47425.0,791.7416916750027,1.0
Erlangen,23528.000000000004,259.0,11.0,111962.0,2313.284864507601,76.96,41.85736231935835,23.659614308894355,40789.0,51388.0,19785.0,1454.8076923076924,0.0
Erlangen-Höchstadt,25135.0,245.0,11.0,136271.0,1797.888031936362,564.56,44.58598307783755,24.187553891479,40757.0,67728.0,27786.0,241.37558452600257,0.0
Erzgebirgskreis,19215.999999999996,558.0,43.0,337696.0,1652.3737325878897,1827.9,49.71792381313371,24.958768238172524,78207.0,160162.0,99327.0,184.7453361781279,1.0
Essen,20159.000000000004,917.0,41.0,583109.0,1572.604778866387,210.34,44.71512358752823,24.483818165319136,182542.0,274754.0,125813.0,2772.2211657316725,0.0
Esslingen,24908.0,1844.0,115.0,533859.0,3454.0955570665665,641.28,44.29941145508458,24.290648286599037,167215.0,257524.0,109120.0,832.4897080838324,0.0
Euskirchen,20938.000000000004,473.0,22.0,192840.0,2452.8106202032773,1248.73,45.55595312175897,24.29798873602364,56810.0,94357.0,41673.0,154.42889976215835,0.0
Flensburg,18480.999999999996,46.0,3.0,89504.0,513.9435109045405,56.74,42.992201465856276,24.28190445465739,32744.0,38772.0,17988.0,1577.4409587592527,0.0
Forchheim,23186.999999999996,207.0,4.0,116099.0,1782.9610935494707,642.83,44.8917303335946,24.025312029998123,34729.0,57887.0,23483.0,180.6060700340681,0.0
Frankenthal (Pfalz),21226.0,47.0,2.0,48561.0,967.85486295587,43.88,45.30224871810712,25.00954451952684,14884.0,22606.0,11071.0,1106.6773017319963,0.0
Frankfurt (Oder),17381.0,31.0,0.0,57873.0,535.6556598068183,147.85,48.06406268899141,24.841788963427547,15331.0,27617.0,14925.0,391.43050388907676,1.0
Frankfurt am Main,21690.0,1717.0,64.0,753056.0,2280.0429184549357,248.31,41.16481111630476,22.831801351021245,250219.0,385077.0,117760.0,3032.725222504128,0.0
Freiburg im Breisgau,21256.0,970.0,78.0,230241.0,4212.976837313945,153.04,40.957199195625456,23.31220298998917,86829.0,105434.0,37978.0,1504.4498170412965,0.0
Freising,23210.0,966.0,43.0,179116.0,5393.153040487729,799.85,41.72497431831886,23.1118797151558,60776.0,90103.0,28237.0,223.93698818528475,0.0
Freudenstadt,23982.0,570.0,38.0,117935.0,4833.170814431679,870.39,44.67496502310595,24.351318321252403,36832.0,56888.0,24215.0,135.49673135031423,0.0
Freyung-Grafenau,20108.0,195.0,12.0,78355.0,2488.6733456703464,983.87,45.97776785144534,23.871869852844927,22636.0,38749.0,16970.0,79.63958653074084,0.0
Friesland,20242.0,34.0,2.0,98460.0,345.31789559211865,609.53,47.64585110704855,24.940233710162822,27338.0,45403.0,25719.0,161.53429691729693,0.0
Fulda,22038.0,380.0,12.0,222584.0,1707.2206447902815,1380.41,44.66045178449484,24.521580430104922,70555.0,105134.0,46895.0,161.2448475452945,0.0
Fürstenfeldbruck,25055.0,907.0,35.0,219320.0,4135.509757432063,434.8,44.61191865766916,24.635255871717398,67540.0,104542.0,47238.0,504.4158233670653,0.0
Fürth,23672.033969037468,905.0,96.0,245135.0,3691.843270034879,370.79,44.692579598996474,24.03268304146119,72845.0,122124.0,50166.0,661.1154561881388,0.0
Garmisch-Partenkirchen,23933.000000000004,288.0,18.0,88467.0,3255.4511851876973,1012.21,46.97770355047645,24.912147688837475,25313.0,40981.0,22173.0,87.39984785765799,0.0
Gelsenkirchen,16203.0,473.0,16.0,260654.0,1814.6661858248867,104.94,44.103871415746546,24.5022500047203,84056.0,122873.0,53725.0,2483.838383838384,0.0
Gera,18891.0,254.0,19.0,94152.0,2697.7653156597844,152.19,49.60926480584587,25.12764426972618,22693.0,44183.0,27276.0,618.6477429528878,1.0
Germersheim,22212.0,147.0,5.0,129075.0,1138.8727484020917,463.32,44.47411582413326,23.98686192482717,39277.0,64183.0,25615.0,278.5871535871536,0.0
Gießen,20153.0,247.0,4.0,268876.0,918.6390752614589,854.56,43.18993699698002,23.97084418882091,93796.0,123028.0,52052.0,314.6367721400487,0.0
Gifhorn,23101.0,158.0,4.0,175920.0,898.1355161437017,1567.58,44.51847430650296,24.281204104709843,53415.0,87241.0,35264.0,112.22393753428852,0.0
Goslar,20269.000000000004,261.0,25.0,137014.0,1904.914826222138,966.72,48.70009634051995,24.794076098438115,36986.0,62609.0,37419.0,141.7308010592519,0.0
Gotha,18780.0,309.0,30.0,135452.0,2281.2509228361337,936.08,47.79747807341346,24.521295591228206,33918.0,67567.0,33967.0,144.70130758054867,1.0
Grafschaft Bentheim,19439.0,249.0,18.0,136511.0,1824.0288328413094,981.79,44.27575433481551,24.39952300736921,43310.0,65149.0,28052.0,139.04297252976707,0.0
Greiz,19502.0,664.0,48.0,98159.0,6764.535091025785,845.98,50.81976690879084,24.599016988410014,20862.0,48655.0,28642.0,116.02992978557413,1.0
Groß-Gerau,20738.000000000004,546.0,14.0,274526.0,1988.8826559233005,453.03,43.3341031450573,24.117301063786353,88262.0,133486.0,52778.0,605.9775290819592,0.0
Göppingen,23985.0,784.0,39.0,257253.0,3047.583507286601,642.34,44.97562321916557,24.534996978095776,78916.0,122873.0,55464.0,400.49350811096923,0.0
Görlitz,18287.0,269.0,23.0,254894.0,1055.3406514080364,2111.42,50.18182656319882,25.1761534484792,58951.0,120647.0,75296.0,120.72159968173078,1.0
Günzburg,23362.0,238.0,4.0,125747.0,1892.689288810071,762.4,43.99899401178557,23.999335896562787,39734.0,61640.0,24373.0,164.93572927597063,0.0
Gütersloh,24271.0,1085.0,20.0,364083.0,2980.089704820055,969.21,43.87861833702755,24.31145734975021,116695.0,176355.0,71033.0,375.6492401027641,0.0
Hagen,19774.0,360.0,13.0,188814.0,1906.6382789411803,160.45,45.110611501265794,24.868570589501093,58953.0,87876.0,41985.0,1176.7778124026177,0.0
Halle (Saale),17218.0,362.0,11.0,239257.0,1513.0173829814803,135.02,45.08810609511947,25.150948324011356,76539.0,104966.0,57752.0,1772.011553843875,1.0
Hamburg,24421.0,5160.0,259.0,1841179.0,2802.5520603917385,755.09,42.592449457657295,23.74895270100123,601494.0,903430.0,336255.0,2438.357017044326,0.0
Hameln-Pyrmont,21291.999999999996,133.0,7.0,148559.0,895.2672002369428,797.54,47.517047099132334,25.01975048675208,41477.0,69390.0,37692.0,186.27153497003286,0.0
Hamm,18006.0,500.0,36.0,179111.0,2791.565007174322,226.43,44.20251687501047,24.475362916274157,57661.0,84110.0,37340.0,791.0215077507397,0.0
Harburg,24798.0,554.0,13.0,252776.0,2191.663765547362,1248.57,45.718404832737285,24.567619107346403,73136.0,123227.0,56413.0,202.45240555195144,0.0
Harz,18785.0,258.0,4.0,214446.0,1203.1000811393078,2104.53,49.841202447236135,24.516172146252842,48660.0,105531.0,60255.0,101.89733574717394,1.0
Havelland,19437.0,179.0,6.0,161909.0,1105.5592956537314,1727.3,46.73719187938904,24.303037364858568,42226.0,83422.0,36261.0,93.73530944248249,1.0
Haßberge,21147.0,166.0,6.0,84599.0,1962.1981347297249,956.19,45.26412841759359,24.0465852027793,25052.0,41997.0,17550.0,88.47509386209853,0.0
Heidekreis,20183.0,74.0,2.0,139755.0,529.4980501592072,1881.41,45.64017029802154,24.65741230767071,42137.0,66291.0,31327.0,74.28205441663432,0.0
Heidelberg,23189.0,313.0,7.0,160355.0,1951.9191793208818,108.89,40.80183655015435,22.971009572456186,61019.0,73085.0,26251.0,1472.632932317017,0.0
Heidenheim,22034.000000000004,511.0,41.0,132472.0,3857.4189262636633,627.14,45.03353916299294,24.69337293117813,40943.0,62604.0,28925.0,211.23194183117008,0.0
Heilbronn,24414.929540240228,1409.0,58.0,469028.0,3004.08504396326,1199.8000000000002,43.58116359790887,24.08450773345584,150359.0,228253.0,90416.0,390.9218203033838,0.0
Heinsberg,19448.0,1923.0,79.0,254322.0,7561.280581310307,627.99,45.09852863692484,24.179351521050258,76355.0,124953.0,53014.0,404.977786270482,0.0
Helmstedt,22604.0,141.0,1.0,91307.0,1544.2408577655601,676.15,46.729073345964714,24.493318319807937,25208.0,44748.0,21351.0,135.03956222731642,0.0
Herford,22061.999999999996,354.0,7.0,250783.0,1411.5789347762807,450.41,45.551506681074876,24.69448049180442,75222.0,120130.0,55431.0,556.7882595857108,0.0
Herne,17579.0,219.0,2.0,156374.0,1400.4885722690474,51.42,45.18987171780475,24.417614461921055,48001.0,74220.0,34153.0,3041.112407623493,0.0
Hersfeld-Rotenburg,20459.0,283.0,22.0,120829.0,2342.1529599682194,1097.74,46.63318822468116,24.717222896127087,34571.0,57295.0,28963.0,110.07069069178493,0.0
Herzogtum Lauenburg,22961.0,266.0,16.0,197264.0,1348.4467515613594,1263.04,45.75516820098954,24.71831720743254,57167.0,95987.0,44110.0,156.18191031162908,0.0
Hildburghausen,19529.0,67.0,1.0,63553.0,1054.238194892452,938.42,48.31520935282363,24.20727691369443,15048.0,32681.0,15824.0,67.72340742950918,1.0
Hildesheim,20609.0,412.0,6.0,276594.0,1489.5478571480219,1208.33,46.235446177429736,24.613377889051176,82459.0,129628.0,64507.0,228.90601077520216,0.0
Hochsauerlandkreis,23151.0,616.0,17.0,260475.0,2364.910260101737,1960.17,45.7717535272099,24.4715100752212,77613.0,125531.0,57331.0,132.88388252039363,0.0
Hochtaunuskreis,31612.0,288.0,5.0,236564.0,1217.429532811417,481.84,45.62966258602323,24.837822623584785,69435.0,113711.0,53418.0,490.9596546571476,0.0
Hof,21293.590236627162,568.0,36.0,141241.0,4021.4951749137995,950.54,47.538377666541585,24.684083719993513,39070.0,66657.0,35514.0,148.59027500157805,0.0
Hohenlohekreis,23219.0,772.0,47.0,112010.0,6892.241764128203,776.76,43.9450495491474,24.082058252662417,35607.0,54615.0,21788.0,144.20155517791852,0.0
Holzminden,20573.0,106.0,7.0,70975.0,1493.4836209933073,694.24,47.97696371961958,24.99593734814491,19604.0,32715.0,18656.0,102.23409771836829,0.0
Höxter,21148.000000000004,366.0,18.0,140667.0,2601.8895689820642,1201.42,46.0179110949974,24.64214106831987,41890.0,66940.0,31837.0,117.08395065838756,0.0
Ilm-Kreis,18691.0,135.0,6.0,108742.0,1241.470636920417,843.71,47.876652995162864,24.663650000997926,28040.0,52655.0,28047.0,128.88551753564613,1.0
Ingolstadt,22950.0,474.0,37.0,136981.0,3460.3339149225076,133.35,42.64319504164811,23.808205589037343,44944.0,66899.0,25138.0,1027.2290963629546,0.0
Jena,18030.0,161.0,3.0,111407.0,1445.1515613920133,114.76,43.13114526017216,24.616963084968685,38486.0,49220.0,23701.0,970.7825026141512,1.0
Jerichower Land,19625.999999999996,33.0,2.0,89928.0,366.9602348545503,1576.85,49.01678009073926,24.379151356195077,20602.0,46162.0,23164.0,57.03015505596601,1.0
Kaiserslautern,19895.706146613436,291.0,7.0,205902.0,1413.2937028295014,779.7,44.50102233101184,24.364591439593173,66803.0,95921.0,43178.0,264.0784917275875,0.0
Karlsruhe,23189.419867850484,1371.0,93.0,757324.0,1810.3216060761313,1258.7,44.06415153883939,23.974850676114123,242301.0,363737.0,151286.0,601.6715659013267,0.0
Kassel,20577.46634095359,759.0,37.0,438218.0,1732.0146593704503,1400.1399999999999,45.2945143741243,24.4963158694033,135253.0,204880.0,98085.0,312.9815589869585,0.0
Kaufbeuren,21906.0,111.0,5.0,43893.0,2528.8770418973413,40.02,45.54718292210603,24.809177085858686,13296.0,20555.0,10042.0,1096.7766116941527,0.0
Kelheim,22451.0,446.0,35.0,122258.0,3648.023033257537,1065.14,43.37842104402166,23.823597852573727,39266.0,60290.0,22702.0,114.78115552885066,0.0
Kempten (Allgäu),21551.0,102.0,10.0,68907.0,1480.255997213636,63.28,44.60358163902071,24.579332011574646,22326.0,31315.0,15266.0,1088.9222503160556,0.0
Kiel,18810.0,281.0,10.0,247548.0,1135.1333882721735,118.65,42.512841953883694,23.656265530758443,88547.0,113032.0,45969.0,2086.3716814159293,0.0
Kitzingen,23748.0,191.0,3.0,90909.0,2101.002101002101,684.14,44.937057937057936,24.05190456689008,27383.0,44767.0,18759.0,132.8806969333762,0.0
Kleve,19947.0,786.0,37.0,310974.0,2527.5424955140943,1232.99,44.81274479538482,24.103984984472277,95527.0,151173.0,64274.0,252.21129125134834,0.0
Koblenz,21029.0,265.0,18.0,114024.0,2324.072125166632,105.25,44.309925980495336,24.439209387756907,37952.0,51438.0,24634.0,1083.3634204275534,0.0
Konstanz,23616.999999999996,468.0,16.0,285325.0,1640.2348199421713,817.98,44.26095855603259,24.454715670836073,93780.0,132071.0,59474.0,348.8165969828113,0.0
Krefeld,21115.0,645.0,22.0,227020.0,2841.1593692185706,137.77,45.22972645581887,24.535941154529393,69442.0,107846.0,49732.0,1647.818828482253,0.0
Kronach,22101.999999999996,167.0,3.0,67135.0,2487.525135920161,651.49,47.91523050569747,24.06261322945249,17422.0,33484.0,16229.0,103.04839675206065,0.0
Kulmbach,22462.0,244.0,11.0,71845.0,3396.200153107384,658.34,47.47928178718074,24.122908571470585,19222.0,35328.0,17295.0,109.13054045022328,0.0
Kusel,20564.0,90.0,1.0,70526.0,1276.1251169781356,573.6,47.24485296202819,24.40063301220766,19308.0,34328.0,16890.0,122.95327754532775,0.0
Kyffhäuserkreis,17708.0,50.0,0.0,75009.0,666.5866762655148,1037.89,49.507239131304246,24.440941289198005,17182.0,37361.0,20466.0,72.27066452128838,1.0
Köln,21608.0,2564.0,102.0,1085664.0,2361.6883308279544,405.02,42.23973393241371,23.3513449248811,362084.0,535210.0,188370.0,2680.5194805194806,0.0
Lahn-Dill-Kreis,22884.0,344.0,18.0,253777.0,1355.5207918763324,1066.3,45.4896129278855,24.484172211433368,76182.0,121549.0,56046.0,237.99774922629655,0.0
Landau in der Pfalz,21233.0,56.0,2.0,46677.0,1199.7343445379952,82.94,43.26227049724704,23.925232784960947,16474.0,21250.0,8953.0,562.7803231251507,0.0
Landsberg am Lech,24671.0,365.0,10.0,120071.0,3039.868078053818,804.36,44.28381124501337,24.108370954615534,37404.0,58706.0,23961.0,149.27520015913274,0.0
Landshut,23236.522712914644,952.0,40.0,231102.0,4119.393168384523,1413.3999999999999,43.7636476534171,23.855777733273808,72653.0,114119.0,44330.0,163.50785340314138,0.0
Leer,18614.0,147.0,5.0,169809.0,865.678497606134,1085.72,44.72901318540242,24.33217050887194,52757.0,80854.0,36198.0,156.40220314629923,0.0
Leipzig,18583.263267188573,802.0,16.0,845620.0,948.4165464392989,1949.12,44.7079923606348,24.716991715146012,256499.0,400818.0,188303.0,433.8470694467247,1.0
Leverkusen,20884.0,249.0,5.0,163838.0,1519.7939427971532,78.87,45.10762460479254,24.726897656975083,49945.0,78387.0,35506.0,2077.3171040953466,0.0
Lichtenfels,21156.0,296.0,16.0,66838.0,4428.618450582005,519.94,46.4441634998055,24.235428084076915,18872.0,32881.0,15085.0,128.54944801323228,0.0
Limburg-Weilburg,21348.000000000004,292.0,6.0,172083.0,1696.8555871294666,738.44,45.310940069617565,24.255965990849987,51547.0,83626.0,36910.0,233.03585937923188,0.0
Lindau (Bodensee),24656.0,240.0,8.0,81669.0,2938.691547588436,323.39,45.76192925100099,24.624781520814867,24052.0,39161.0,18456.0,252.540276446396,0.0
Lippe,22239.0,755.0,29.0,348391.0,2167.1053500233934,1246.22,45.239696203403646,25.026848988949226,108923.0,161220.0,78248.0,279.5581839482595,0.0
Ludwigsburg,25230.999999999996,1791.0,72.0,543984.0,3292.376246360187,686.77,43.82454447189623,24.269767356190375,171179.0,265235.0,107570.0,792.0905106513097,0.0
Ludwigshafen am Rhein,19390.0,327.0,2.0,171061.0,1911.5987863978346,77.43,42.74060715183472,24.28504354738154,57489.0,81345.0,32227.0,2209.234146971458,0.0
Ludwigslust-Parchim,19149.0,89.0,2.0,212618.0,418.591088242764,4766.78,47.9021625638469,24.140345389131383,51166.0,111059.0,50393.0,44.6041143077717,1.0
Lörrach,25461.0,667.0,61.0,228639.0,2917.2625842485313,806.71,44.43486894186906,24.376075862560867,70876.0,111361.0,46402.0,283.42155173482416,0.0
Lübeck,19575.0,166.0,1.0,217198.0,764.2795974180241,214.21,45.754698477886535,24.629662885110964,65956.0,100844.0,50398.0,1013.9489286214462,0.0
Lüchow-Dannenberg,19529.0,21.0,3.0,48424.0,433.66925491491827,1227.22,49.000526598380965,24.963037782684697,12499.0,22469.0,13456.0,39.45828783755154,0.0
Lüneburg,20583.000000000004,168.0,0.0,183372.0,916.1704076958314,1327.67,44.12555624631896,24.16068829203469,58030.0,88565.0,36777.0,138.11564620726534,0.0
Magdeburg,18206.0,216.0,2.0,238697.0,904.9129230782121,201.01,45.68946823797534,25.023869420794313,73133.0,107677.0,57887.0,1187.4881846674296,1.0
Main-Kinzig-Kreis,22932.0,767.0,47.0,418950.0,1830.767394677169,1397.32,45.124288101205394,24.307351214908582,125298.0,203459.0,90193.0,299.8239487018006,0.0
Main-Spessart,22524.0,157.0,6.0,126365.0,1242.4326356190402,1321.19,46.56803703557156,24.261902044256587,35503.0,61958.0,28904.0,95.64483533783937,0.0
Main-Tauber-Kreis,22232.0,398.0,10.0,132321.0,3007.8370024410337,1304.13,45.78676854014102,24.485943394502986,39206.0,63299.0,29816.0,101.46304432840283,0.0
Main-Taunus-Kreis,26641.0,356.0,14.0,237735.0,1497.4656655519802,222.53,44.69442656739647,24.549459195904365,71248.0,116185.0,50302.0,1068.3278659057205,0.0
Mainz,21515.0,675.0,26.0,217118.0,3108.9085197910813,97.73,41.81665960445472,23.34033218580345,78359.0,100729.0,38030.0,2221.6105597053106,0.0
Mainz-Bingen,25408.0,434.0,25.0,210889.0,2057.9546586118763,605.36,45.02684113443565,24.131552779985554,62226.0,105037.0,43626.0,348.3695652173913,0.0
Mannheim,20592.0,495.0,13.0,309370.0,1600.025859003782,144.97,42.72491838251931,23.61257085309361,105159.0,147242.0,56969.0,2134.0277298751466,0.0
Mansfeld-Südharz,18203.0,54.0,2.0,136249.0,396.333184096764,1448.85,50.857169593905276,24.486391169998146,29143.0,66996.0,40110.0,94.03941056700143,1.0
Marburg-Biedenkopf,20485.0,202.0,4.0,246648.0,818.980895851578,1262.37,43.49936954688463,24.057878232031673,84843.0,113368.0,48437.0,195.3848713134818,0.0
Mayen-Koblenz,21895.0,348.0,14.0,214259.0,1624.2024839096607,817.73,45.63712842867744,24.336076223702324,62715.0,104596.0,46948.0,262.01680261210913,0.0
Mecklenburgische Seenplatte,18062.0,125.0,3.0,259130.0,482.3833597036237,5495.63,48.805333230424885,24.48281263608558,61472.0,131000.0,66658.0,47.15200986966008,1.0
Meißen,20022.000000000004,240.0,20.0,242165.0,991.0598145892264,1454.59,49.021739309974606,25.14279581302382,57475.0,118281.0,66409.0,166.48333894774473,1.0
Memmingen,26941.0,51.0,0.0,43837.0,1163.4007801628761,70.11,44.82770262563588,24.54661477044129,13633.0,20735.0,9469.0,625.2603052346313,0.0
Merzig-Wadern,19067.0,216.0,2.0,103366.0,2089.661977826365,556.66,46.78167869512219,24.093251526166352,28389.0,51539.0,23438.0,185.6896489778321,0.0
Mettmann,25021.0,978.0,79.0,485684.0,2013.6549690745421,407.22,46.53964203062073,24.895905477255898,138159.0,231876.0,115649.0,1192.6820883060752,0.0
Miesbach,28017.0,586.0,11.0,99726.0,5876.1005154122295,866.22,45.75802198022582,24.580242585993012,29225.0,47949.0,22552.0,115.12779663364965,0.0
Miltenberg,22544.0,304.0,5.0,128756.0,2361.0550187952404,715.58,45.38055313927118,24.191095924680088,38121.0,63237.0,27398.0,179.932362559043,0.0
Minden-Lübbecke,22261.999999999996,489.0,12.0,310710.0,1573.8148112387757,1152.41,45.27682082971259,24.800447167925384,95873.0,146536.0,68301.0,269.6175840195763,0.0
Mittelsachsen,19433.0,284.0,9.0,306185.0,927.543805215801,2116.85,49.18371899341901,25.001649173305594,73687.0,146661.0,85837.0,144.64180267850816,1.0
Märkisch-Oderland,19407.0,240.0,4.0,194328.0,1235.0253180190193,2158.65,48.03069809806101,24.3186460168521,45848.0,102097.0,46383.0,90.02293099854074,1.0
Märkischer Kreis,24136.999999999996,609.0,31.0,412120.0,1477.7249344851014,1061.06,45.6145042706008,24.556054948572182,123415.0,197908.0,90797.0,388.4040487814073,0.0
Mönchengladbach,20656.0,660.0,41.0,261454.0,2524.3446265882335,170.47,44.59321525010136,24.289131932446487,81881.0,125050.0,54523.0,1533.7244089869184,0.0
Mülheim an der Ruhr,23090.999999999996,234.0,12.0,170880.0,1369.3820224719102,91.28,46.37037687265918,24.868952981110674,49647.0,80470.0,40763.0,1872.0420683610866,0.0
München,29724.47937544874,8034.0,299.0,1820379.0,4413.366667051202,974.97,42.45247830259523,23.587909103156772,595201.0,894566.0,330612.0,1867.1128342410534,0.0
Münster,22261.0,733.0,13.0,314319.0,2332.0257445461457,303.28,41.64522030166805,23.431158244650476,117391.0,143180.0,53748.0,1036.3987074650488,0.0
Neckar-Odenwald-Kreis,21775.0,441.0,21.0,143535.0,3072.4213606437456,1125.94,45.46208590239314,24.302214988253446,43106.0,69484.0,30945.0,127.48014991917863,0.0
Neu-Ulm,23441.999999999996,430.0,26.0,174200.0,2468.427095292767,515.84,44.10514064293915,24.203722641458985,54761.0,84254.0,35185.0,337.7016129032258,0.0
Neuburg-Schrobenhausen,22558.000000000004,334.0,18.0,96680.0,3454.6959040132397,739.72,43.66666839056682,24.03104560057888,30544.0,47744.0,18392.0,130.69810198453467,0.0
Neumünster,18922.0,78.0,2.0,79487.0,981.2925384025061,71.63,45.281108860568395,24.713726866033475,24763.0,36772.0,17952.0,1109.6886779282424,0.0
Neunkirchen,20134.0,271.0,10.0,132206.0,2049.8313238430933,249.8,47.56300394838358,24.377229051705058,35544.0,64433.0,32229.0,529.2473979183346,0.0
Neustadt an der Weinstraße,25391.0,104.0,2.0,53148.0,1956.799879581546,117.09,46.91486979754647,24.942909932418118,15191.0,25013.0,12944.0,453.9072508326928,0.0
Neuwied,22671.999999999996,215.0,4.0,181941.0,1181.7017604608088,627.06,45.666237956260545,24.599938863770625,54517.0,86900.0,40524.0,290.1492680126304,0.0
Nordfriesland,24384.0,89.0,1.0,165507.0,537.7416060952105,2083.01,46.67672968514927,24.621527328184357,47942.0,77552.0,40013.0,79.45569152332442,0.0
Nordhausen,17910.999999999996,65.0,2.0,83822.0,775.4527451027176,713.91,48.316844026627855,24.839479857372616,21293.0,40442.0,22087.0,117.41255900603718,1.0
Nordsachsen,18980.0,142.0,0.0,197673.0,718.3580964522216,2028.56,48.50768187865819,24.624455236373617,46819.0,100216.0,50638.0,97.44498560555272,1.0
Nordwestmecklenburg,18475.0,79.0,1.0,156729.0,504.05476969801373,2127.12,47.207558907413436,24.284787281203005,39681.0,80206.0,36842.0,73.68131558163151,1.0
Northeim,21284.000000000004,139.0,5.0,132765.0,1046.9626784167515,1268.77,47.83454600233495,24.72232427486879,36152.0,62938.0,33675.0,104.64071502321146,0.0
Nürnberg,21785.0,1101.0,49.0,518365.0,2123.985994424778,186.45,43.654447155961535,24.08167928189104,166920.0,247392.0,104053.0,2780.182354518638,0.0
Nürnberger Land,24993.000000000004,631.0,44.0,170365.0,3703.8124027822614,799.52,45.84763008833974,24.38279136023524,48843.0,83607.0,37915.0,213.08410046027618,0.0
Oberallgäu,23482.0,186.0,7.0,155362.0,1197.2039494857172,1527.99,45.82313242620461,24.538911881035634,45583.0,74573.0,35206.0,101.67736699847512,0.0
Oberbergischer Kreis,22691.0,490.0,18.0,272471.0,1798.3565223454973,918.85,45.032335551306375,24.628429129935242,84008.0,130496.0,57967.0,296.5347989334494,0.0
Oberhausen,18180.999999999996,273.0,10.0,210829.0,1294.8882743835052,77.09,45.430379596734795,24.310833595759693,62648.0,102159.0,46022.0,2734.8423920093396,0.0
Oberhavel,20718.000000000004,320.0,9.0,211249.0,1514.8000700595032,1808.18,47.02618947308626,24.35764902053081,53872.0,109103.0,48274.0,116.82962979349401,1.0
Oberspreewald-Lausitz,18699.0,52.0,2.0,110476.0,470.6904667077012,1223.09,50.340236793511714,24.73072974301797,24239.0,54609.0,31628.0,90.32532356572288,1.0
Odenwaldkreis,21418.000000000004,409.0,61.0,96798.0,4225.29391103122,623.97,46.56642699229323,24.46530453095288,27604.0,46371.0,22823.0,155.132458291264,0.0
Oder-Spree,19188.0,140.0,2.0,178658.0,783.6201009750473,2256.75,49.0816056375869,24.673725093418646,41494.0,89986.0,47178.0,79.16605738340535,1.0
Offenbach,23449.0,666.0,40.0,354092.0,1880.867119279735,356.24,44.61143149238051,24.433861697409505,107799.0,171276.0,75017.0,993.9703570626543,0.0
Offenbach am Main,17687.0,175.0,9.0,128744.0,1359.2866463679861,44.88,41.212771080594045,23.5180427578405,44927.0,62631.0,21186.0,2868.627450980392,0.0
Oldenburg,22019.295451297927,227.0,15.0,130144.0,1744.221785099582,1064.84,45.30006761740841,24.32336003452077,38733.0,63731.0,27680.0,122.21930055219565,0.0
Olpe,27131.999999999996,648.0,56.0,134775.0,4808.013355592654,712.14,44.61271007234279,24.181837907155746,41589.0,66049.0,27137.0,189.25351756677057,0.0
Ortenaukreis,22800.0,1208.0,125.0,429479.0,2812.710283855555,1850.34,44.67777120650835,24.416524435969944,133230.0,206836.0,89413.0,232.10815309618775,0.0
Osnabrück,21456.610914572364,1719.0,76.0,522091.0,3292.52946325449,2241.61,43.94140580856594,24.31969508518597,171816.0,245758.0,104517.0,232.9089359879729,0.0
Ostalbkreis,23888.0,1403.0,37.0,314002.0,4468.124406850912,1511.37,44.38776186138942,24.3573322271339,99685.0,149701.0,64616.0,207.75984702620804,0.0
Ostallgäu,23281.0,503.0,39.0,140316.0,3584.7658143048548,1394.45,44.59886613073349,24.458695612286572,43621.0,67079.0,29616.0,100.6246190254222,0.0
Osterholz,21846.0,117.0,0.0,113517.0,1030.6826290335368,652.67,46.48394954059744,24.579812445563498,31847.0,55112.0,26558.0,173.92709945301607,0.0
Ostholstein,22569.000000000004,68.0,0.0,200581.0,339.0151609574187,1392.59,49.04837447215838,24.689803656714236,50786.0,94622.0,55173.0,144.03449687273354,0.0
Ostprignitz-Ruppin,17924.0,82.0,0.0,99078.0,827.6307555663216,2526.57,48.8330154020065,24.36804084815669,23142.0,50802.0,25134.0,39.21442904807704,1.0
Paderborn,20913.0,682.0,34.0,306890.0,2222.294633256216,1246.8,42.64966274560918,23.919668289979608,105172.0,146465.0,55253.0,246.14212383702278,0.0
Passau,21056.73197225494,718.0,48.0,244512.0,2936.4611961785104,1599.6699999999998,45.39761647690093,24.10423672423288,74392.0,116638.0,53482.0,152.8515256271606,0.0
Peine,21203.000000000004,160.0,11.0,133965.0,1194.3418056955175,536.5,45.193162393162396,24.542823949537627,39915.0,65410.0,28640.0,249.7017707362535,0.0
Pforzheim,22881.999999999996,406.0,8.0,125542.0,3233.9774736741488,98.07,43.221830144493474,24.60442311020948,42657.0,57682.0,25203.0,1280.1264402977465,0.0
Pinneberg,24124.000000000004,602.0,46.0,314391.0,1914.8130830717164,664.25,45.51430861570465,24.580636421171608,92291.0,152597.0,69503.0,473.3022205494919,0.0
Pirmasens,19649.0,31.0,0.0,40403.0,767.2697571962477,61.36,47.40654159344603,25.111671043535498,11631.0,18484.0,10288.0,658.4582790091265,0.0
Plön,22362.0,120.0,8.0,128647.0,932.7850630018578,1083.2,48.016486975988556,24.895709936908396,34329.0,60707.0,33611.0,118.76569423929098,0.0
Potsdam,19550.0,626.0,51.0,178089.0,3515.096384392074,188.26,43.21782648001842,24.380430324202408,56200.0,86825.0,35064.0,945.9736534579837,1.0
Potsdam-Mittelmark,21746.0,565.0,35.0,214664.0,2632.0202735437706,2592.02,46.87999152163381,24.31833807605904,54714.0,111857.0,48093.0,82.81726221248293,1.0
Prignitz,18335.0,28.0,0.0,76508.0,365.9748000209128,2138.55,50.366027082135204,24.577132416765618,17000.0,38015.0,21493.0,35.775642374506084,1.0
Rastatt,22803.0,522.0,17.0,231018.0,2259.5641898033923,738.43,45.481984087819995,24.300817819093403,68145.0,113031.0,49842.0,312.85023631217587,0.0
Ravensburg,22965.999999999996,559.0,8.0,284285.0,1966.3365988356754,1632.1,43.70993193450235,24.264019561029933,92908.0,135145.0,56232.0,174.1835671833834,0.0
Recklinghausen,19860.0,1323.0,40.0,615261.0,2150.306942907156,761.31,46.15592000793159,24.44487754636017,177586.0,297467.0,140208.0,808.1609331284234,0.0
Regen,20464.000000000004,196.0,11.0,77656.0,2523.951787369939,974.8,45.94484650252395,24.073420937235614,22538.0,37846.0,17272.0,79.66352072219942,0.0
Regensburg,22918.057002485235,1159.0,25.0,346182.0,3347.9499222952086,1472.52,43.109583976058836,23.52290313724024,113294.0,169406.0,63482.0,235.0949392877516,0.0
Rems-Murr-Kreis,24638.0,1616.0,92.0,426158.0,3792.0207997972584,858.08,44.76455211447397,24.462512118607982,131314.0,205207.0,89637.0,496.6413388029088,0.0
Remscheid,22413.0,241.0,18.0,110994.0,2171.2885381191777,74.52,45.480949420689406,24.668613061210273,33474.0,52913.0,24607.0,1489.4524959742353,0.0
Rendsburg-Eckernförde,23135.0,255.0,14.0,272775.0,934.8364036293648,2189.25,46.43772156539272,24.64674822026643,77790.0,130852.0,64133.0,124.59746488523467,0.0
Reutlingen,23954.0,1547.0,82.0,286748.0,5394.980958890733,1027.85,44.35951078996192,24.436583454612627,90469.0,137530.0,58749.0,278.97845016296156,0.0
Rhein-Erft-Kreis,21815.0,1108.0,76.0,470089.0,2357.000482887283,704.71,44.9611945823025,24.391364057385402,141640.0,228177.0,100272.0,667.0673042811936,0.0
Rhein-Hunsrück-Kreis,23219.0,168.0,6.0,102937.0,1632.0662152578761,991.06,46.29395164032369,24.384502531899543,29334.0,50204.0,23399.0,103.86555808931851,0.0
Rhein-Kreis Neuss,24546.0,729.0,20.0,451007.0,1616.3828942788027,576.42,45.47103814353214,24.55448966761494,131996.0,220120.0,98891.0,782.4277436591375,0.0
Rhein-Lahn-Kreis,21785.0,159.0,6.0,122308.0,1299.996729567976,782.24,46.561394185171864,24.42403507102913,34423.0,59249.0,28636.0,156.35610554305583,0.0
Rhein-Neckar-Kreis,24048.0,960.0,38.0,547625.0,1753.024423647569,1061.55,45.09016754165716,24.384430774559302,164300.0,265809.0,117516.0,515.8730158730159,0.0
Rhein-Pfalz-Kreis,25441.0,252.0,5.0,154201.0,1634.2306470126653,304.99,46.10742148235096,24.59393774293808,43742.0,75488.0,34971.0,505.5936260205252,0.0
Rhein-Sieg-Kreis,22975.0,1458.0,50.0,599780.0,2430.891326819834,1153.21,44.99191620260762,24.531570632092212,183177.0,288611.0,127992.0,520.096079638574,0.0
Rheingau-Taunus-Kreis,24671.0,248.0,5.0,187157.0,1325.0906992524992,811.41,46.16854833108032,24.427946746802153,53601.0,90789.0,42767.0,230.65651150466473,0.0
Rheinisch-Bergischer Kreis,25295.0,471.0,21.0,283455.0,1661.6394136635445,437.32,46.431685805507044,24.775372758447563,80874.0,136976.0,65605.0,648.1638159699991,0.0
Rhön-Grabfeld,21543.000000000004,195.0,6.0,79690.0,2446.9820554649264,1021.72,45.870140544610365,24.402868143738374,23442.0,38615.0,17633.0,77.99592843440473,0.0
Rosenheim,24085.642579407784,2799.0,217.0,324307.0,8630.711023813854,1476.67,44.61036456197368,24.29716596055422,100349.0,155673.0,68285.0,219.62049747066033,0.0
Rostock,18514.257755324896,179.0,5.0,423999.0,422.1708070066203,3612.65,46.73906070533185,24.6224273851196,115230.0,207780.0,100989.0,117.36509210690214,1.0
Rotenburg (Wümme),21471.999999999996,110.0,2.0,163455.0,672.968095194396,2074.78,44.986243920345046,24.276133583604672,50030.0,78883.0,34542.0,78.78184675001687,0.0
Roth,23592.0,287.0,7.0,126958.0,2260.5901164164525,895.15,45.032365034105766,24.19335968236712,37962.0,62608.0,26388.0,141.82874378595767,0.0
Rottal-Inn,22109.0,733.0,48.0,120659.0,6074.971614218583,1281.22,45.18988223008644,24.255813921067286,36688.0,58236.0,25735.0,94.17508312389754,0.0
Rottweil,24476.0,675.0,26.0,139455.0,4840.27105517909,769.42,44.739224122476784,24.589169815097275,43622.0,66485.0,29348.0,181.2469132593382,0.0
Saale-Holzland-Kreis,18992.0,73.0,3.0,83051.0,878.9779773873885,815.24,48.4575802819954,24.469862721135833,19798.0,41786.0,21467.0,101.87306805357932,1.0
Saale-Orla-Kreis,19008.0,149.0,12.0,80868.0,1842.508779739823,1151.3,49.12935895533462,24.530631146998697,18818.0,40476.0,21574.0,70.24059758533832,1.0
Saalekreis,19664.0,131.0,7.0,184582.0,709.7116728608423,1433.71,48.425558830221796,24.332019290030612,43677.0,93671.0,47234.0,128.74430672869687,1.0
Saalfeld-Rudolstadt,19355.999999999996,71.0,0.0,106356.0,667.5692955733574,1036.03,50.449946406408664,24.690043218579135,23288.0,52188.0,30880.0,102.65725895968264,1.0
Saarlouis,20904.0,554.0,23.0,195201.0,2838.10021465054,459.35,47.147629878945295,24.402733847339714,53617.0,94847.0,46737.0,424.9504734951562,0.0
Saarpfalz-Kreis,22783.0,301.0,18.0,142631.0,2110.3406692794697,418.27,47.76526491435943,24.5525616909895,38692.0,68301.0,35638.0,341.00222344418677,0.0
Salzgitter,19585.0,145.0,8.0,104948.0,1381.6366200404009,224.49,44.852874757022526,25.150907700539342,33633.0,47423.0,23892.0,467.49521136798967,0.0
Salzlandkreis,18207.0,68.0,0.0,190560.0,356.8429890848027,1426.83,49.77866026448363,24.583043300310496,43683.0,93749.0,53128.0,133.5548033052291,1.0
Schaumburg,21404.0,162.0,7.0,157781.0,1026.739594754755,675.68,47.167453622426024,24.75488378400628,44167.0,74987.0,38627.0,233.51438550793276,0.0
Schleswig-Flensburg,21871.0,159.0,4.0,200025.0,794.9006374203225,2071.13,46.352740907386575,24.77258526428768,57928.0,94395.0,47702.0,96.57771361527281,0.0
Schmalkalden-Meiningen,19992.0,147.0,4.0,122347.0,1201.5006497911677,1210.73,48.92668802667822,24.45601799668584,28748.0,61258.0,32341.0,101.05225772880824,1.0
Schwabach,25418.000000000004,79.0,2.0,40792.0,1936.6542459305747,40.8,45.175254951951366,24.507660920047552,12223.0,19671.0,8898.0,999.8039215686275,0.0
Schwalm-Eder-Kreis,20898.000000000004,529.0,37.0,180222.0,2935.2687241291296,1539.02,46.55776209341812,24.386367824495753,50795.0,87519.0,41908.0,117.10179204948604,0.0
Schwandorf,20927.0,506.0,19.0,147189.0,3437.7568975942495,1465.06,44.97912887511974,23.949413357147936,44123.0,72846.0,30220.0,100.46619251088693,0.0
Schwarzwald-Baar-Kreis,23851.0,570.0,30.0,212381.0,2683.85590048074,1025.33,45.19624401429506,24.70480935115594,65724.0,99542.0,47115.0,207.13428847297945,0.0
Schweinfurt,21637.88026345351,695.0,43.0,169138.0,4109.070699665363,877.09,45.513749127931035,24.590896051630363,51023.0,80462.0,37653.0,192.83995941123487,0.0
Schwerin,18378.0,91.0,0.0,95818.0,949.7171721388465,130.52,46.964437788307,25.23473014848017,26696.0,44637.0,24485.0,734.1250383083052,1.0
Schwäbisch Hall,23061.0,869.0,58.0,195861.0,4436.8199896865635,1484.07,43.6566110660111,24.085642002847283,62709.0,95522.0,37630.0,131.97558066668014,0.0
Segeberg,22953.000000000004,332.0,7.0,276032.0,1202.7591003941573,1344.42,45.34873492928356,24.378432513657803,80612.0,135369.0,60051.0,205.3167908838012,0.0
Siegen-Wittgenstein,23134.0,315.0,8.0,278210.0,1132.238237302757,1132.89,44.89564178138816,24.456460614398328,87900.0,130537.0,59773.0,245.57547511232332,0.0
Sigmaringen,22061.999999999996,776.0,34.0,130873.0,5929.4124838583975,1204.23,44.40648185645626,24.353329267760216,41720.0,62601.0,26552.0,108.67774428472966,0.0
Soest,21845.0,376.0,8.0,301902.0,1245.4372610979722,1328.63,45.117312902862516,24.414175919729686,91826.0,146022.0,64054.0,227.22804693556517,0.0
Solingen,23357.0,288.0,8.0,159360.0,1807.2289156626507,89.54,45.12271272590361,24.54439083055487,48543.0,76872.0,33945.0,1779.7632343086887,0.0
Sonneberg,19995.0,288.0,21.0,56196.0,5124.919923126201,433.61,49.881281585878,24.38085869920795,12606.0,27996.0,15594.0,129.600332095662,1.0
Speyer,23860.0,95.0,1.0,50378.0,1885.7437770455358,42.71,45.941551867878836,24.45649595343611,14635.0,24329.0,11414.0,1179.5364083352845,0.0
Spree-Neiße,19252.0,65.0,0.0,114429.0,568.0378225799404,1656.97,50.598851689694044,24.32035917481948,24054.0,58559.0,31816.0,69.05918634616197,1.0
Stade,21968.000000000004,215.0,8.0,203102.0,1058.5814024480312,1267.38,44.702024106114166,24.490888164892816,62802.0,96821.0,43479.0,160.25343622275875,0.0
Starnberg,34986.99999999999,540.0,13.0,136092.0,3967.9040648972755,487.72,45.63013255738765,24.963958729764183,40902.0,64014.0,31176.0,279.0371524645288,0.0
Steinburg,21119.0,182.0,3.0,131347.0,1385.6426107943082,1055.72,46.306162302907566,24.48237754897235,37722.0,63742.0,29883.0,124.41461751221915,0.0
Steinfurt,21330.0,1339.0,82.0,447614.0,2991.416711720366,1795.76,44.048177670939694,24.350473903707815,143386.0,215669.0,88559.0,249.26159397692342,0.0
Stendal,17921.0,107.0,6.0,111982.0,955.5107070779233,2423.24,48.78023700237538,24.40284388994895,26858.0,56600.0,28524.0,46.21168353114013,1.0
Stormarn,25006.0,419.0,33.0,243196.0,1722.890179114788,766.29,46.1561436043356,24.789276920929094,68703.0,118253.0,56240.0,317.3680982395699,0.0
Straubing,21736.0,428.0,48.0,47794.0,8955.098966397454,67.59,45.17576474034398,23.83241136368038,14315.0,23307.0,10172.0,707.1164373428021,0.0
Straubing-Bogen,21801.0,548.0,29.0,100649.0,5444.664129797614,1201.62,44.34417629584,23.854165698342992,30721.0,50246.0,19682.0,83.76108919625173,0.0
Stuttgart,25011.999999999996,1513.0,63.0,634830.0,2383.315218247405,207.33,42.39228848668147,23.418931788428434,211419.0,310112.0,113299.0,3061.9302561134423,0.0
Suhl,20698.0,20.0,2.0,34835.0,574.1352088416822,103.03,51.641725276302566,24.618349555658256,7561.0,16042.0,11232.0,338.10540619237116,1.0
Sächsische Schweiz-Osterzgebirge,19758.0,389.0,2.0,245611.0,1583.805285593886,1654.18,48.56642617798063,25.28186892610525,60120.0,118097.0,67394.0,148.47900470323665,1.0
Sömmerda,18790.0,37.0,1.0,69655.0,531.189433637212,806.84,47.78191802454957,24.194484818340168,16863.0,35691.0,17101.0,86.33062317188042,1.0
Südliche Weinstraße,23424.0,155.0,3.0,110356.0,1404.5452897894088,639.95,46.724849577730254,24.30313779080921,30401.0,54369.0,25586.0,172.4447222439253,0.0
Südwestpfalz,22459.0,106.0,3.0,95113.0,1114.4638482646956,953.5,48.340458191834976,24.330562535722883,24536.0,46682.0,23895.0,99.75144205558469,0.0
Teltow-Fläming,19408.0,153.0,12.0,168296.0,909.1125160431621,2104.23,46.62545752721395,24.361661050221684,43562.0,86919.0,37815.0,79.97985011144219,1.0
Tirschenreuth,21081.999999999996,1136.0,138.0,72504.0,15668.101070285777,1084.25,46.49861386957961,24.27183386022123,20675.0,35379.0,16450.0,66.87018676504496,0.0
Traunstein,23908.0,1322.0,87.0,177089.0,7465.172879173749,1533.76,45.68461620992834,24.547856390286825,52998.0,83958.0,40133.0,115.46069789276028,0.0
Trier,19857.0,103.0,1.0,110636.0,930.9808742181568,117.07,42.21860425178061,23.40500278959782,40111.0,50893.0,19632.0,945.0414282053473,0.0
Trier-Saarburg,22541.0,199.0,9.0,148945.0,1336.0636476551747,1102.23,45.18526973043741,24.14881527130494,43425.0,74751.0,30769.0,135.13059887682243,0.0
Tuttlingen,25338.0,505.0,23.0,140152.0,3603.230778012444,734.38,43.409041611964156,24.473645321701046,46156.0,66583.0,27413.0,190.84397723249543,0.0
Tübingen,22680.0,1292.0,60.0,227331.0,5683.342790908411,519.12,41.861316758383154,23.671125702363824,82989.0,105169.0,39173.0,437.9160887656033,0.0
Uckermark,17628.0,44.0,2.0,119552.0,368.0406852248394,3076.89,49.962865531316915,24.576210969955778,26976.0,59627.0,32949.0,38.85481768929016,1.0
Uelzen,20387.0,44.0,0.0,92572.0,475.30570798945683,1462.59,47.7624929784384,24.76615327915199,25371.0,43799.0,23402.0,63.293199050998574,0.0
Ulm,29641.0,288.0,5.0,126329.0,2279.761574935288,118.68,42.16329188072414,23.809562445004037,44778.0,58356.0,23195.0,1064.4506235254464,0.0
Unna,20805.999999999996,723.0,38.0,394782.0,1831.3904889280666,543.21,46.10274151303758,24.486143719623293,114611.0,190367.0,89804.0,726.7576075550892,0.0
Unstrut-Hainich-Kreis,18213.0,91.0,3.0,102912.0,884.2506218905472,979.69,47.76123775652985,24.72059909280706,26113.0,50998.0,25801.0,105.04547356816951,1.0
Unterallgäu,24933.000000000004,271.0,14.0,144041.0,1881.408765559806,1229.59,44.62775529189606,24.443041868488102,45003.0,68768.0,30270.0,117.14555258256819,0.0
Vechta,21502.0,346.0,10.0,141598.0,2443.537338097996,814.2,41.26073814601901,23.73388847544932,51093.0,67658.0,22847.0,173.91058707934167,0.0
Verden,23066.0,237.0,3.0,136792.0,1732.5574595005558,789.39,45.30599377156559,24.6716638850613,41223.0,65076.0,30493.0,173.28823521959995,0.0
Viersen,22491.999999999996,724.0,37.0,298935.0,2421.931189054477,563.28,46.09125562413234,24.29458096225725,85798.0,147053.0,66084.0,530.7040903280785,0.0
Vogelsbergkreis,21608.0,121.0,5.0,105878.0,1142.8247605734903,1458.91,47.507041122801716,24.419452456881846,28619.0,51507.0,25752.0,72.57335956296139,0.0
Vogtlandkreis,19311.0,503.0,21.0,227796.0,2208.1160336441376,1412.43,50.37689643365116,24.962378153701227,51420.0,108116.0,68260.0,161.2794970370213,1.0
Vorpommern-Greifswald,18259.0,139.0,7.0,236697.0,587.2486765780724,3945.58,48.01121264739308,24.539025696670773,60420.0,116955.0,59322.0,59.99041965946705,1.0
Vorpommern-Rügen,17303.0,89.0,2.0,224684.0,396.11187267451174,3214.45,48.94169144220327,24.4564938022822,52830.0,113437.0,58417.0,69.89811631849928,1.0
Vulkaneifel,21291.999999999996,119.0,5.0,60603.0,1963.5991617576688,911.64,47.25984687226705,24.52735121718443,16907.0,29035.0,14661.0,66.47689877583257,0.0
Waldeck-Frankenberg,21041.0,174.0,5.0,156953.0,1108.6121322943811,1848.7,46.35268201308672,24.59869315979494,45557.0,75090.0,36306.0,84.89911829934549,0.0
Waldshut,23761.999999999996,311.0,35.0,170619.0,1822.774720283204,1131.1,44.65333579495836,24.559421240983824,53222.0,81270.0,36127.0,150.8434267527186,0.0
Warendorf,22576.0,638.0,20.0,277783.0,2296.756820971766,1319.42,44.83301713927778,24.522302615078782,85761.0,133448.0,58574.0,210.5341741068045,0.0
Wartburgkreis,19832.0,83.0,2.0,123025.0,674.6596220280431,1307.43,48.38241007925218,24.40863353533075,29355.0,62421.0,31249.0,94.0968158907169,1.0
Weilheim-Schongau,23691.0,355.0,3.0,135348.0,2622.86845760558,966.3,45.03020362325265,24.54199466987167,41365.0,64804.0,29179.0,140.06830176963678,0.0
Weimar,18635.0,69.0,0.0,65090.0,1060.0706713780917,84.48,44.99371639268705,24.858334654858627,20056.0,30089.0,14945.0,770.4782196969696,1.0
Weimarer Land,19053.0,74.0,4.0,81947.0,903.0226853942182,804.48,47.18779821103884,24.324989534645905,20572.0,41765.0,19610.0,101.863315433572,1.0
Weißenburg-Gunzenhausen,22044.0,332.0,25.0,94393.0,3517.209962603159,970.78,45.37841259415423,24.43712687814625,28306.0,45550.0,20537.0,97.23418282206062,0.0
Werra-Meißner-Kreis,19785.0,225.0,16.0,101017.0,2227.3478721403326,1024.83,47.75499173406456,24.731089363198116,27901.0,47288.0,25828.0,98.56951884702829,0.0
Wesel,21372.0,664.0,27.0,459809.0,1444.0778671143887,1042.8,46.65037983162574,24.417355415326348,128913.0,223921.0,106975.0,440.93690065209057,0.0
Wesermarsch,20760.0,71.0,2.0,88624.0,801.137389420473,824.78,46.485799557681894,24.562667144372845,25871.0,41956.0,20797.0,107.4516840854531,0.0
Westerwaldkreis,24108.0,367.0,21.0,201597.0,1820.4635981686235,989.04,45.25364712768543,24.20023480276878,59713.0,99352.0,42532.0,203.83098762436302,0.0
Wetteraukreis,22944.000000000004,352.0,13.0,306460.0,1148.6001435750181,1100.66,45.03717614044247,24.23387351156184,91649.0,150083.0,64728.0,278.43294023585844,0.0
Wiesbaden,22928.0,463.0,21.0,278342.0,1663.4212587392487,203.87,43.49225772610673,24.416205083523376,90259.0,132479.0,55604.0,1365.2916073968706,0.0
Wilhelmshaven,18047.0,27.0,1.0,76278.0,353.968378824825,107.07,46.93523034164504,25.18401579593569,23578.0,32820.0,19880.0,712.4124404595125,0.0
Wittenberg,19112.000000000004,155.0,3.0,125840.0,1231.7228226319135,1930.45,50.40882867132867,24.561034777985913,27647.0,62289.0,35904.0,65.18687352689787,1.0
Wittmund,20270.0,41.0,0.0,56882.0,720.7904082134946,656.86,46.683107134067015,24.59787526225692,16440.0,26514.0,13928.0,86.59683950918004,0.0
Wolfenbüttel,21555.999999999996,190.0,14.0,119960.0,1583.8612870956986,724.3,46.79536095365122,24.491764437149833,33818.0,57761.0,28381.0,165.62197984260666,0.0
Wolfsburg,24083.000000000004,351.0,51.0,124151.0,2827.2023584183776,204.61,45.08435292506706,24.83317949201329,37543.0,59033.0,27575.0,606.7689751234054,0.0
Worms,20300.0,223.0,7.0,83330.0,2676.1070442817713,108.73,43.95867634705388,24.425102801214305,27177.0,39080.0,17073.0,766.3938195530212,0.0
Wuppertal,20759.0,974.0,85.0,354382.0,2748.4465915311725,168.39,44.17081426257541,24.5475397786873,114511.0,166151.0,73720.0,2104.5311479304,0.0
Würzburg,22807.2576651281,885.0,59.0,289714.0,3054.736740371539,1055.96,44.286753487922574,24.08749776821552,94444.0,135346.0,59924.0,274.3607712413349,0.0
Zollernalbkreis,25026.999999999996,1208.0,77.0,188935.0,6393.733294519279,917.58,45.60143964855638,24.499808848147445,56636.0,90633.0,41666.0,205.90575208701148,0.0
Zweibrücken,19750.999999999996,40.0,1.0,34209.0,1169.2829372387384,70.64,45.931465403841095,24.637435585081654,10231.0,16062.0,7916.0,484.2723669309173,0.0
Zwickau,19959.0,883.0,51.0,317531.0,2780.8308480116903,949.79,49.74836472659362,25.042782163448948,74655.0,150183.0,92693.0,334.31705956053446,1.0
