Landkreis,Income,Cases,Deaths,LK_Einwohner,Cases_Per_Million,Area,Avg_Age,Std_dev,<30,30-65,>65,Density,west(0)/east(1),c/p,firstcase,firstday
Ahrweiler,22962.0,195.0,1.0,129727.0,1503.1566289207337,787.02,47.14919022254426,24.749372432510928,36492.0,61430.0,31805.0,164.8331681532871,0.0,0.0015031566289207335,6.0,29.0
Aichach-Friedberg,24748.0,390.0,20.0,133596.0,2919.2490793137517,780.24,44.08120752118327,24.23401676027719,41489.0,65623.0,26484.0,171.2242386957859,0.0,0.002919249079313752,4.0,29.0
Alb-Donau-Kreis,22884.0,650.0,27.0,196047.0,3315.531479696195,1358.55,43.58553306094967,24.248563477946323,63530.0,94797.0,37720.0,144.30606160980454,0.0,0.003315531479696195,4.0,21.0
Altenburger Land,18822.0,75.0,4.0,90118.0,832.242171375308,569.41,51.01420359972481,24.721364940072323,19289.0,43488.0,27341.0,158.26557313710683,1.0,0.0008322421713753079,2.0,30.0
Altmarkkreis Salzwedel,19255.0,33.0,1.0,83765.0,393.95929087327636,2293.05,48.07911418850355,24.375561823467105,20432.0,43097.0,20236.0,36.529949194304535,1.0,0.0003939592908732764,1.0,29.0
Altötting,22865.0,604.0,53.0,111210.0,5431.166262026796,569.29,45.17591043970865,24.533633438925534,33735.0,53277.0,24198.0,195.34859210595658,0.0,0.005431166262026796,7.0,35.0
Alzey-Worms,22245.0,270.0,11.0,129244.0,2089.0718331218472,588.07,44.741469623348095,23.927287084006966,38492.0,64844.0,25908.0,219.77655721257668,0.0,0.002089071833121847,2.0,29.0
Amberg,21583.000000000004,89.0,4.0,41970.0,2120.5623064093397,50.13,46.24630688587086,24.502980836480702,12304.0,19829.0,9837.0,837.2232196289647,0.0,0.00212056230640934,1.0,30.0
Amberg-Sulzbach,21427.0,496.0,53.0,103109.0,4810.443317266195,1255.87,45.63896944010707,24.083402129750137,30270.0,51159.0,21680.0,82.10165064855441,0.0,0.004810443317266194,3.0,27.0
Ammerland,21515.0,189.0,5.0,124071.0,1523.321324080567,730.57,45.809274528294274,24.706871436056968,36691.0,58700.0,28680.0,169.8276688065483,0.0,0.0015233213240805669,2.0,26.0
Anhalt-Bitterfeld,18669.0,73.0,2.0,159854.0,456.66670837138884,1453.54,49.94955709584996,24.459868233000932,35754.0,79729.0,44371.0,109.97564566506597,1.0,0.0004566667083713889,2.0,29.0
Ansbach,22278.35373523003,748.0,35.0,225796.0,3312.724760403196,2071.24,44.502050523481365,24.216705143299702,70311.0,109751.0,45734.0,109.01488963133195,0.0,0.0033127247604031957,5.0,32.0
Aschaffenburg,23802.684675261,656.0,39.0,244735.0,2680.450282959119,761.35,45.37081537172861,24.13062134773049,71863.0,120819.0,52053.0,321.4487423655349,0.0,0.0026804502829591193,5.0,28.0
Augsburg,21429.98664091068,816.0,24.0,546669.0,1492.6765556488479,1217.4899999999998,43.788721328628476,24.088810403453397,175422.0,262363.0,108884.0,449.0131335780992,0.0,0.0014926765556488478,21.0,28.0
Aurich,19701.0,130.0,8.0,189848.0,684.7583329821751,1287.36,45.74033964013315,24.349651020911733,56669.0,89890.0,43289.0,147.47079294059162,0.0,0.0006847583329821752,3.0,28.0
Bad Dürkheim,25615.0,329.0,12.0,132660.0,2480.024121815167,594.64,47.37104628373285,24.401946672817004,35664.0,64941.0,32055.0,223.0929638100364,0.0,0.0024800241218151664,2.0,24.0
Bad Kissingen,21738.000000000004,258.0,19.0,103218.0,2499.564029529733,1136.84,47.25395279893043,24.606960587830038,28551.0,49475.0,25192.0,90.79377924773935,0.0,0.0024995640295297334,3.0,28.0
Bad Kreuznach,21680.0,201.0,7.0,158080.0,1271.5080971659918,863.89,46.312503162955466,24.559602006506157,45480.0,75824.0,36776.0,182.98625982474616,0.0,0.0012715080971659918,8.0,28.0
Bad Tölz-Wolfratshausen,25486.0,426.0,10.0,127227.0,3348.345869980429,1110.67,44.824160752041635,24.546274716556788,39008.0,61074.0,27145.0,114.5497762611757,0.0,0.003348345869980429,2.0,28.0
Baden-Baden,29565.0,185.0,19.0,55123.0,3356.130834678809,140.19,47.92368884131851,24.83046948798876,14828.0,25905.0,14390.0,393.20208288750985,0.0,0.0033561308346788093,1.0,24.0
Bamberg,22088.263684027806,626.0,58.0,224678.0,2786.2095977354256,1222.4199999999996,43.84245898574849,23.793497122904853,71327.0,110521.0,42830.0,183.7977127337577,0.0,0.002786209597735426,5.0,30.0
Barnim,19707.0,422.0,29.0,182760.0,2309.039177062815,1479.67,47.429158459181444,24.39404477800414,45330.0,94246.0,43184.0,123.51402677624064,1.0,0.0023090391770628146,2.0,27.0
Bautzen,19467.0,503.0,20.0,300880.0,1671.7628290348312,2395.6,49.13172859611805,25.095819513400635,70914.0,147650.0,82316.0,125.59692770078478,1.0,0.0016717628290348313,5.0,25.0
Bayreuth,21257.858131487887,630.0,39.0,178313.0,3533.1131213091585,1340.5200000000002,45.369967416845654,24.19156491169712,55718.0,83387.0,39208.0,133.01778414346668,0.0,0.0035331131213091585,4.0,27.0
Berchtesgadener Land,22132.0,305.0,22.0,105722.0,2884.9246136092765,839.83,45.972626321863004,24.68675968891825,31252.0,49470.0,25000.0,125.88500053582271,0.0,0.002884924613609277,6.0,33.0
Bergstraße,23330.0,363.0,3.0,269694.0,1345.969876971679,719.47,45.880212388855526,24.299135156081586,77682.0,132148.0,59864.0,374.8509319360085,0.0,0.0013459698769716791,3.0,20.0
Berlin,19719.0,7733.0,211.0,3754418.0,2059.7067241846808,891.12,43.15135468743912,23.88599051754551,1148101.0,1797161.0,699564.0,4213.145255408924,0.0,0.0020597067241846807,58.0,26.0
Bernkastel-Wittlich,22529.0,171.0,2.0,112262.0,1523.2224617412835,1167.94,46.250538917888505,24.444669003182074,32083.0,54607.0,25572.0,96.11966368135349,0.0,0.0015232224617412837,4.0,28.0
Biberach,22970.0,600.0,34.0,199742.0,3003.874998748385,1409.53,43.06171961830762,24.13606087109221,65729.0,96915.0,37098.0,141.70822898412948,0.0,0.0030038749987483853,2.0,23.0
Bielefeld,22659.000000000004,431.0,5.0,333786.0,1291.246487270287,258.82,43.371311259309856,24.44176027315165,112827.0,154580.0,66379.0,1289.645313345182,0.0,0.0012912464872702869,4.0,28.0
Birkenfeld,21504.0,90.0,2.0,80720.0,1114.9653121902877,776.83,47.08595763131814,24.603892535755183,22734.0,38401.0,19585.0,103.9094782642277,0.0,0.0011149653121902874,1.0,33.0
Bochum,19620.0,592.0,19.0,364628.0,1623.5725177441116,145.66,45.24362363833825,24.294467530397483,113164.0,170961.0,80503.0,2503.281614719209,0.0,0.001623572517744112,5.0,27.0
Bodenseekreis,25728.0,294.0,8.0,216227.0,1359.6821858509807,664.79,45.456305179279184,24.663139132461012,65171.0,102157.0,48899.0,325.2560959099866,0.0,0.0013596821858509807,3.0,22.0
Bonn,23056.0,754.0,8.0,327258.0,2303.992568554474,141.06,42.0909435369036,23.975245690623638,116056.0,152269.0,58933.0,2319.99149298171,0.0,0.002303992568554474,4.0,24.0
Borken,21531.0,1111.0,38.0,370676.0,2997.22668853662,1420.98,43.496780206973206,24.17686343173532,121388.0,179098.0,70190.0,260.85940688820386,0.0,0.0029972266885366196,5.0,22.0
Bottrop,19674.0,211.0,7.0,117383.0,1797.534566334137,100.61,46.04355826652922,24.23143040117829,33760.0,57399.0,26224.0,1166.713050392605,0.0,0.001797534566334137,3.0,28.0
Braunschweig,21419.0,332.0,18.0,248292.0,1337.1353084271746,192.7,44.38748529956664,24.166431762716307,79686.0,116439.0,52167.0,1288.4898806434876,0.0,0.0013371353084271744,5.0,31.0
Breisgau-Hochschwarzwald,23963.0,1139.0,71.0,262795.0,4334.17682984836,1378.31,45.05157442112673,24.61684873336207,80602.0,124894.0,57299.0,190.66465454070564,0.0,0.0043341768298483605,3.0,16.0
Bremen,21327.0,1440.0,43.0,569352.0,2529.1910803861233,326.18,44.17553727746632,24.31445167676342,182875.0,267221.0,119256.0,1745.5147464590107,0.0,0.002529191080386123,10.0,26.0
Bremerhaven,17741.0,196.0,6.0,113634.0,1724.8358765862326,93.66,44.381633137969274,24.747868047216354,36893.0,52022.0,24719.0,1213.260730301089,0.0,0.001724835876586233,2.0,29.0
Burgenlandkreis,18674.0,119.0,2.0,180190.0,660.4140074365947,1413.7,49.856126866085795,24.651642187022933,40716.0,89251.0,50223.0,127.45985711254156,1.0,0.0006604140074365948,2.0,30.0
Böblingen,24507.0,1416.0,47.0,391640.0,3615.5653150852813,617.77,43.774693596159736,24.39926002498237,124186.0,189642.0,77812.0,633.9576217686193,0.0,0.0036155653150852824,4.0,26.0
Börde,19778.0,164.0,13.0,171734.0,954.965236936192,2366.59,47.69047480405744,24.088559258454147,41413.0,89688.0,40633.0,72.5660127018199,1.0,0.000954965236936192,2.0,28.0
Calw,23232.0,759.0,27.0,158397.0,4791.757419648099,797.29,44.76730304235561,24.35762800678414,48903.0,76534.0,32960.0,198.66924205746966,0.0,0.004791757419648099,2.0,26.0
Celle,20291.0,220.0,15.0,178936.0,1229.4898734743151,1550.82,45.82959270353646,24.86893241727113,53366.0,83778.0,41792.0,115.38154008846935,0.0,0.0012294898734743149,3.0,22.0
Cham,21238.000000000004,430.0,21.0,127882.0,3362.4747814391394,1520.13,45.35592968517853,24.018896486730586,37816.0,62942.0,27124.0,84.12569977567708,0.0,0.0033624747814391394,7.0,23.0
Chemnitz,19659.000000000004,210.0,6.0,247237.0,849.3874298749781,221.05,47.554457868361126,25.41227349038209,68432.0,110164.0,68641.0,1118.4664103144084,1.0,0.0008493874298749782,3.0,27.0
Cloppenburg,19820.0,116.0,0.0,169348.0,684.9800410988025,1420.42,41.313768098826095,23.905616754275066,61283.0,80342.0,27723.0,119.22389152504186,0.0,0.0006849800410988025,2.0,29.0
Coburg,24696.27679762788,469.0,29.0,128155.0,3659.6309156880334,638.7099999999998,46.51042097460107,24.39296905091599,36397.0,62039.0,29719.0,200.64661583504247,0.0,0.003659630915688034,3.0,31.0
Cochem-Zell,21797.0,135.0,1.0,61587.0,2192.0210434020164,692.43,47.376264471398194,24.507858062564743,17013.0,29594.0,14980.0,88.94328668601881,0.0,0.0021920210434020165,2.0,29.0
Coesfeld,23009.0,871.0,24.0,219929.0,3960.369028186369,1112.05,44.95660645026349,24.30992405513317,66810.0,107534.0,45585.0,197.7689852074997,0.0,0.003960369028186369,10.0,21.0
Cottbus,19983.0,39.0,0.0,100219.0,389.1477663916024,165.62,47.43540645985293,24.89348488251421,27178.0,47600.0,25441.0,605.1141166525783,1.0,0.00038914776639160237,3.0,28.0
Cuxhaven,21012.0,360.0,20.0,198213.0,1816.227997154576,2058.97,47.21161578705736,24.8032200718021,55110.0,93004.0,50099.0,96.26803693108693,0.0,0.001816227997154576,2.0,19.0
Dachau,24411.0,918.0,30.0,153884.0,5965.532479010164,579.16,43.270466715188064,23.814363798985443,48515.0,76979.0,28390.0,265.70205124663306,0.0,0.005965532479010163,2.0,26.0
Dahme-Spreewald,20068.0,252.0,8.0,169067.0,1490.5333388538272,2274.49,47.618195744882215,24.58414082479346,41942.0,86462.0,40663.0,74.3318282340217,1.0,0.0014905333388538272,3.0,31.0
Darmstadt,21986.0,223.0,18.0,159207.0,1400.692180620199,122.07,41.27657703492937,23.54428631376336,60188.0,71603.0,27416.0,1304.227082821332,0.0,0.001400692180620199,2.0,30.0
Darmstadt-Dieburg,23714.000000000004,427.0,20.0,297399.0,1435.7815594537979,658.64,44.69533017932138,24.1822949816215,90385.0,145306.0,61708.0,451.53498117332686,0.0,0.0014357815594537979,3.0,29.0
Deggendorf,21776.0,327.0,15.0,119326.0,2740.3918676566723,861.17,44.711060456229156,23.84265473807257,36629.0,58438.0,24259.0,138.56265313468887,0.0,0.0027403918676566718,3.0,29.0
Delmenhorst,18845.0,85.0,3.0,77607.0,1095.2620253327664,62.45,44.644001185460084,24.71189003913966,24592.0,35988.0,17027.0,1242.7061649319455,0.0,0.0010952620253327663,1.0,5.0
Dessau-Roßlau,19294.0,66.0,2.0,81237.0,812.4376823368663,244.75,51.12428450090476,25.11623284798255,18186.0,37554.0,25497.0,331.9182839632278,1.0,0.0008124376823368662,2.0,33.0
Diepholz,22469.0,378.0,26.0,216886.0,1742.8510830574587,1990.99,45.8446972142047,24.49926542047132,63492.0,104913.0,48481.0,108.93374652810913,0.0,0.0017428510830574588,11.0,28.0
Dingolfing-Landau,23052.0,220.0,9.0,96217.0,2286.498227963873,877.58,44.042736730515394,23.69578930226657,29945.0,47971.0,18301.0,109.63900726999249,0.0,0.002286498227963873,1.0,26.0
Dithmarschen,21571.0,70.0,4.0,133210.0,525.4860746190226,1428.14,46.967577509196005,24.740545714708052,38388.0,61860.0,32962.0,93.27516910106851,0.0,0.0005254860746190226,6.0,32.0
Donau-Ries,24066.0,353.0,23.0,133496.0,2644.2739857374004,1274.58,44.169218553364885,24.1139379219577,41862.0,65143.0,26491.0,104.73724677933123,0.0,0.0026442739857374005,3.0,26.0
Donnersbergkreis,21375.0,137.0,6.0,75101.0,1824.2100637807755,645.41,45.84210596396853,24.201619267211598,21635.0,37129.0,16337.0,116.36169256751523,0.0,0.0018242100637807753,1.0,29.0
Dortmund,18946.0,869.0,9.0,587010.0,1480.3836391202874,280.71,44.05923238104973,24.2431388348561,189481.0,277320.0,120209.0,2091.161697125147,0.0,0.0014803836391202876,7.0,28.0
Dresden,18922.0,625.0,10.0,554649.0,1126.8387755138835,328.48,43.61338522200527,25.00339497318037,182602.0,250849.0,121198.0,1688.5320263029712,1.0,0.0011268387755138836,9.0,28.0
Duisburg,16881.0,1393.0,57.0,498590.0,2793.8787380412764,232.8,44.01692974187208,24.433461346403433,161582.0,235384.0,101624.0,2141.7096219931273,0.0,0.0027938787380412766,8.0,27.0
Düren,20526.0,605.0,39.0,263722.0,2294.0824049567345,941.77,45.031243127232464,24.293442067088886,80811.0,126876.0,56035.0,280.02803232211687,0.0,0.0022940824049567346,4.0,21.0
Düsseldorf,24882.0,1630.0,36.0,619294.0,2632.02937538552,217.41,43.54809751103676,23.848285054584288,192244.0,307431.0,119619.0,2848.5074283611607,0.0,0.0026320293753855197,7.0,28.0
Ebersberg,26614.0,518.0,5.0,142142.0,3644.243080862799,549.4,43.269818209959055,24.163134509386968,45410.0,70171.0,26561.0,258.7222424463051,0.0,0.0036442430808627992,2.0,20.0
Eichsfeld,19127.0,159.0,9.0,100380.0,1583.9808726838016,943.07,46.54478481769278,24.658430991578694,26637.0,49988.0,23755.0,106.43960681603701,1.0,0.0015839808726838015,2.0,31.0
Eichstätt,23779.0,302.0,18.0,132341.0,2281.9836634149656,1213.86,42.50762424343174,23.898417279012765,44052.0,65086.0,23203.0,109.02492873972288,0.0,0.0022819836634149658,2.0,30.0
Eisenach,19062.0,30.0,2.0,42370.0,708.0481472740147,104.17,47.792046259145614,25.005348363273967,11011.0,20394.0,10965.0,406.73898435250067,1.0,0.0007080481472740147,1.0,27.0
Elbe-Elster,18189.0,80.0,3.0,102638.0,779.4384146222645,1899.57,50.368835129289344,24.484747079001504,22174.0,51762.0,28702.0,54.03222834641525,1.0,0.0007794384146222646,3.0,27.0
Emden,18593.0,19.0,0.0,50195.0,378.52375734634916,112.34,44.10849686223728,24.388891777966286,16586.0,22962.0,10647.0,446.81324550471777,0.0,0.00037852375734634923,3.0,28.0
Emmendingen,22742.0,530.0,43.0,165383.0,3204.6824643403497,679.79,44.82164128114739,24.34313577697987,50348.0,80444.0,34591.0,243.28542638167667,0.0,0.0032046824643403495,2.0,23.0
Emsland,20469.0,461.0,25.0,325657.0,1415.599848920797,2883.67,43.34609880948361,24.01518759955216,106490.0,157465.0,61702.0,112.93143806330127,0.0,0.001415599848920797,4.0,29.0
Ennepe-Ruhr-Kreis,24220.0,462.0,14.0,324296.0,1424.6244171991018,409.64,46.77980456126502,24.536455573200808,91419.0,156135.0,76742.0,791.6609706083391,0.0,0.001424624417199102,4.0,28.0
Enzkreis,24829.0,667.0,21.0,198905.0,3353.3596440511797,573.6,45.041268444734925,24.42703102383212,60376.0,96432.0,42097.0,346.76603905160385,0.0,0.00335335964405118,2.0,27.0
Erding,24172.0,627.0,11.0,137660.0,4554.69998547145,870.75,42.70817957286067,23.397169305826388,44388.0,70001.0,23271.0,158.09359747344243,0.0,0.0045546999854714516,3.0,26.0
Erfurt,18601.0,139.0,2.0,213699.0,650.4475921740392,269.91,44.86431616432459,24.519427251383142,64544.0,101730.0,47425.0,791.7416916750027,1.0,0.0006504475921740391,4.0,30.0
Erlangen,23528.000000000004,259.0,11.0,111962.0,2313.284864507601,76.96,41.85736231935835,23.65961430889436,40789.0,51388.0,19785.0,1454.8076923076926,0.0,0.002313284864507601,4.0,22.0
Erlangen-Höchstadt,25135.0,245.0,11.0,136271.0,1797.888031936362,564.56,44.58598307783755,24.187553891479002,40757.0,67728.0,27786.0,241.37558452600257,0.0,0.001797888031936362,2.0,22.0
Erzgebirgskreis,19216.0,558.0,43.0,337696.0,1652.3737325878894,1827.9,49.71792381313371,24.95876823817252,78207.0,160162.0,99327.0,184.7453361781279,1.0,0.0016523737325878896,7.0,32.0
Essen,20159.000000000004,917.0,41.0,583109.0,1572.604778866387,210.34,44.715123587528225,24.48381816531914,182542.0,274754.0,125813.0,2772.2211657316725,0.0,0.001572604778866387,8.0,29.0
Esslingen,24908.0,1844.0,115.0,533859.0,3454.095557066567,641.28,44.29941145508458,24.29064828659904,167215.0,257524.0,109120.0,832.4897080838324,0.0,0.0034540955570665664,6.0,20.0
Euskirchen,20938.000000000004,473.0,22.0,192840.0,2452.810620203277,1248.73,45.55595312175897,24.29798873602364,56810.0,94357.0,41673.0,154.42889976215838,0.0,0.0024528106202032773,3.0,26.0
Flensburg,18481.0,46.0,3.0,89504.0,513.9435109045405,56.74,42.99220146585628,24.281904454657393,32744.0,38772.0,17988.0,1577.4409587592527,0.0,0.0005139435109045406,4.0,31.0
Forchheim,23187.0,207.0,4.0,116099.0,1782.961093549471,642.83,44.8917303335946,24.025312029998126,34729.0,57887.0,23483.0,180.6060700340681,0.0,0.0017829610935494707,2.0,28.0
Frankfurt (Oder),17381.0,31.0,0.0,57873.0,535.6556598068183,147.85,48.064062688991406,24.841788963427547,15331.0,27617.0,14925.0,391.4305038890768,1.0,0.0005356556598068183,1.0,34.0
Frankfurt am Main,21690.0,1717.0,64.0,753056.0,2280.0429184549357,248.31,41.16481111630476,22.831801351021248,250219.0,385077.0,117760.0,3032.725222504128,0.0,0.0022800429184549357,10.0,27.0
Freising,23210.0,966.0,43.0,179116.0,5393.1530404877285,799.85,41.72497431831886,23.1118797151558,60776.0,90103.0,28237.0,223.93698818528478,0.0,0.005393153040487729,2.0,18.0
Freudenstadt,23982.0,570.0,38.0,117935.0,4833.170814431679,870.39,44.674965023105955,24.351318321252407,36832.0,56888.0,24215.0,135.49673135031423,0.0,0.004833170814431679,2.0,29.0
Freyung-Grafenau,20108.0,195.0,12.0,78355.0,2488.6733456703464,983.87,45.97776785144534,23.87186985284493,22636.0,38749.0,16970.0,79.63958653074084,0.0,0.0024886733456703464,1.0,29.0
Friesland,20242.0,34.0,2.0,98460.0,345.3178955921186,609.53,47.64585110704855,24.940233710162826,27338.0,45403.0,25719.0,161.5342969172969,0.0,0.00034531789559211863,2.0,25.0
Fulda,22038.0,380.0,12.0,222584.0,1707.2206447902813,1380.41,44.660451784494846,24.521580430104922,70555.0,105134.0,46895.0,161.2448475452945,0.0,0.0017072206447902815,7.0,28.0
Fürstenfeldbruck,25055.0,907.0,35.0,219320.0,4135.5097574320625,434.8,44.61191865766915,24.6352558717174,67540.0,104542.0,47238.0,504.4158233670653,0.0,0.004135509757432063,3.0,7.0
Fürth,23672.033969037468,905.0,96.0,245135.0,3691.843270034879,370.79,44.692579598996474,24.03268304146119,72845.0,122124.0,50166.0,661.1154561881388,0.0,0.0036918432700348788,3.0,25.0
Garmisch-Partenkirchen,23933.000000000004,288.0,18.0,88467.0,3255.4511851876973,1012.21,46.977703550476456,24.912147688837475,25313.0,40981.0,22173.0,87.39984785765799,0.0,0.003255451185187697,1.0,26.0
Gelsenkirchen,16203.0,473.0,16.0,260654.0,1814.6661858248867,104.94,44.103871415746546,24.502250004720302,84056.0,122873.0,53725.0,2483.8383838383843,0.0,0.0018146661858248867,3.0,27.0
Gera,18891.0,254.0,19.0,94152.0,2697.7653156597844,152.19,49.60926480584587,25.12764426972618,22693.0,44183.0,27276.0,618.6477429528877,1.0,0.0026977653156597843,1.0,28.0
Germersheim,22212.0,147.0,5.0,129075.0,1138.8727484020915,463.32,44.47411582413325,23.98686192482717,39277.0,64183.0,25615.0,278.5871535871536,0.0,0.0011388727484020918,2.0,28.0
Gießen,20153.0,247.0,4.0,268876.0,918.6390752614587,854.56,43.18993699698003,23.97084418882091,93796.0,123028.0,52052.0,314.63677214004866,0.0,0.0009186390752614588,3.0,22.0
Gifhorn,23101.0,158.0,4.0,175920.0,898.1355161437018,1567.58,44.51847430650296,24.281204104709843,53415.0,87241.0,35264.0,112.22393753428852,0.0,0.0008981355161437017,2.0,28.0
Goslar,20269.000000000004,261.0,25.0,137014.0,1904.9148262221381,966.72,48.700096340519956,24.794076098438115,36986.0,62609.0,37419.0,141.7308010592519,0.0,0.001904914826222138,5.0,30.0
Gotha,18780.0,309.0,30.0,135452.0,2281.250922836133,936.08,47.79747807341346,24.521295591228213,33918.0,67567.0,33967.0,144.7013075805487,1.0,0.0022812509228361338,4.0,36.0
Grafschaft Bentheim,19439.0,249.0,18.0,136511.0,1824.0288328413092,981.79,44.27575433481551,24.399523007369215,43310.0,65149.0,28052.0,139.04297252976707,0.0,0.0018240288328413095,3.0,29.0
Greiz,19502.0,664.0,48.0,98159.0,6764.535091025785,845.98,50.81976690879085,24.59901698841001,20862.0,48655.0,28642.0,116.02992978557413,1.0,0.0067645350910257845,1.0,31.0
Groß-Gerau,20738.000000000004,546.0,14.0,274526.0,1988.8826559233005,453.03,43.3341031450573,24.117301063786353,88262.0,133486.0,52778.0,605.9775290819592,0.0,0.0019888826559233005,3.0,29.0
Göppingen,23985.0,784.0,39.0,257253.0,3047.583507286601,642.34,44.97562321916557,24.534996978095776,78916.0,122873.0,55464.0,400.4935081109692,0.0,0.003047583507286601,3.0,21.0
Görlitz,18287.0,269.0,23.0,254894.0,1055.3406514080364,2111.42,50.181826563198825,25.176153448479198,58951.0,120647.0,75296.0,120.72159968173078,1.0,0.0010553406514080363,6.0,27.0
Günzburg,23362.0,238.0,4.0,125747.0,1892.689288810071,762.4,43.99899401178558,23.99933589656279,39734.0,61640.0,24373.0,164.93572927597063,0.0,0.001892689288810071,2.0,30.0
Gütersloh,24271.0,1085.0,20.0,364083.0,2980.089704820055,969.21,43.87861833702755,24.31145734975021,116695.0,176355.0,71033.0,375.6492401027641,0.0,0.0029800897048200548,6.0,28.0
Hagen,19774.0,360.0,13.0,188814.0,1906.6382789411805,160.45,45.110611501265794,24.86857058950109,58953.0,87876.0,41985.0,1176.7778124026174,0.0,0.0019066382789411803,3.0,27.0
Hamburg,24421.0,5160.0,259.0,1841179.0,2802.5520603917385,755.09,42.5924494576573,23.74895270100123,601494.0,903430.0,336255.0,2438.357017044326,0.0,0.0028025520603917383,22.0,24.0
Hameln-Pyrmont,21292.0,133.0,7.0,148559.0,895.2672002369427,797.54,47.51704709913235,25.019750486752077,41477.0,69390.0,37692.0,186.2715349700329,0.0,0.0008952672002369428,2.0,29.0
Hamm,18006.0,500.0,36.0,179111.0,2791.565007174322,226.43,44.202516875010474,24.47536291627416,57661.0,84110.0,37340.0,791.0215077507397,0.0,0.002791565007174322,2.0,29.0
Harburg,24798.0,554.0,13.0,252776.0,2191.663765547362,1248.57,45.71840483273729,24.567619107346406,73136.0,123227.0,56413.0,202.45240555195144,0.0,0.002191663765547362,3.0,23.0
Harz,18785.0,258.0,4.0,214446.0,1203.1000811393078,2104.53,49.841202447236135,24.516172146252842,48660.0,105531.0,60255.0,101.89733574717394,1.0,0.0012031000811393079,8.0,34.0
Havelland,19437.0,179.0,6.0,161909.0,1105.5592956537314,1727.3,46.73719187938904,24.30303736485857,42226.0,83422.0,36261.0,93.73530944248249,1.0,0.0011055592956537314,2.0,22.0
Haßberge,21147.0,166.0,6.0,84599.0,1962.1981347297246,956.19,45.2641284175936,24.0465852027793,25052.0,41997.0,17550.0,88.47509386209852,0.0,0.001962198134729725,1.0,28.0
Heidekreis,20183.0,74.0,2.0,139755.0,529.4980501592072,1881.41,45.64017029802154,24.65741230767071,42137.0,66291.0,31327.0,74.28205441663431,0.0,0.0005294980501592072,2.0,35.0
Heidelberg,23189.0,313.0,7.0,160355.0,1951.9191793208813,108.89,40.801836550154356,22.971009572456182,61019.0,73085.0,26251.0,1472.6329323170169,0.0,0.0019519191793208818,2.0,21.0
Heidenheim,22034.000000000004,511.0,41.0,132472.0,3857.418926263663,627.14,45.03353916299294,24.693372931178132,40943.0,62604.0,28925.0,211.23194183117008,0.0,0.0038574189262636635,4.0,29.0
Heilbronn,24414.92954024023,1409.0,58.0,469028.0,3004.08504396326,1199.8000000000004,43.58116359790887,24.08450773345584,150359.0,228253.0,90416.0,390.9218203033838,0.0,0.00300408504396326,7.0,19.0
Heinsberg,19448.0,1923.0,79.0,254322.0,7561.280581310307,627.99,45.09852863692484,24.179351521050254,76355.0,124953.0,53014.0,404.977786270482,0.0,0.007561280581310307,3.0,14.0
Helmstedt,22604.0,141.0,1.0,91307.0,1544.24085776556,676.15,46.72907334596472,24.493318319807933,25208.0,44748.0,21351.0,135.03956222731642,0.0,0.00154424085776556,2.0,30.0
Herford,22062.0,354.0,7.0,250783.0,1411.578934776281,450.41,45.55150668107488,24.694480491804423,75222.0,120130.0,55431.0,556.7882595857109,0.0,0.0014115789347762806,3.0,27.0
Herne,17579.0,219.0,2.0,156374.0,1400.4885722690476,51.42,45.18987171780475,24.417614461921055,48001.0,74220.0,34153.0,3041.1124076234933,0.0,0.0014004885722690473,2.0,28.0
Hersfeld-Rotenburg,20459.0,283.0,22.0,120829.0,2342.1529599682194,1097.74,46.633188224681156,24.71722289612709,34571.0,57295.0,28963.0,110.07069069178492,0.0,0.0023421529599682196,6.0,29.0
Herzogtum Lauenburg,22961.0,266.0,16.0,197264.0,1348.4467515613596,1263.04,45.755168200989544,24.718317207432538,57167.0,95987.0,44110.0,156.18191031162908,0.0,0.0013484467515613595,3.0,27.0
Hildburghausen,19529.0,67.0,1.0,63553.0,1054.238194892452,938.42,48.31520935282363,24.20727691369443,15048.0,32681.0,15824.0,67.72340742950918,1.0,0.0010542381948924519,1.0,37.0
Hildesheim,20609.0,412.0,6.0,276594.0,1489.5478571480219,1208.33,46.23544617742974,24.613377889051176,82459.0,129628.0,64507.0,228.90601077520213,0.0,0.001489547857148022,6.0,29.0
Hochsauerlandkreis,23151.0,616.0,17.0,260475.0,2364.910260101737,1960.17,45.7717535272099,24.4715100752212,77613.0,125531.0,57331.0,132.88388252039363,0.0,0.002364910260101737,6.0,28.0
Hochtaunuskreis,31612.0,288.0,5.0,236564.0,1217.429532811417,481.84,45.62966258602322,24.837822623584785,69435.0,113711.0,53418.0,490.9596546571476,0.0,0.0012174295328114169,3.0,26.0
Hof,21293.590236627162,568.0,36.0,141241.0,4021.4951749138,950.54,47.53837766654159,24.684083719993517,39070.0,66657.0,35514.0,148.59027500157802,0.0,0.0040214951749137995,2.0,28.0
Hohenlohekreis,23219.0,772.0,47.0,112010.0,6892.241764128203,776.76,43.9450495491474,24.082058252662417,35607.0,54615.0,21788.0,144.20155517791852,0.0,0.006892241764128203,2.0,24.0
Holzminden,20573.0,106.0,7.0,70975.0,1493.483620993307,694.24,47.976963719619576,24.995937348144906,19604.0,32715.0,18656.0,102.23409771836828,0.0,0.0014934836209933074,2.0,28.0
Höxter,21148.000000000004,366.0,18.0,140667.0,2601.889568982064,1201.42,46.017911094997395,24.64214106831987,41890.0,66940.0,31837.0,117.08395065838756,0.0,0.002601889568982064,2.0,31.0
Ilm-Kreis,18691.0,135.0,6.0,108742.0,1241.470636920417,843.71,47.87665299516286,24.66365000099793,28040.0,52655.0,28047.0,128.88551753564613,1.0,0.0012414706369204172,2.0,34.0
Ingolstadt,22950.0,474.0,37.0,136981.0,3460.333914922508,133.35,42.64319504164811,23.808205589037343,44944.0,66899.0,25138.0,1027.2290963629546,0.0,0.0034603339149225074,2.0,34.0
Jena,18030.0,161.0,3.0,111407.0,1445.1515613920133,114.76,43.131145260172154,24.61696308496868,38486.0,49220.0,23701.0,970.7825026141513,1.0,0.0014451515613920132,8.0,31.0
Jerichower Land,19626.0,33.0,2.0,89928.0,366.9602348545503,1576.85,49.01678009073926,24.379151356195077,20602.0,46162.0,23164.0,57.030155055966006,1.0,0.0003669602348545503,1.0,30.0
Kaiserslautern,19895.70614661344,291.0,7.0,205902.0,1413.2937028295016,779.7,44.501022331011846,24.364591439593173,66803.0,95921.0,43178.0,264.0784917275875,0.0,0.0014132937028295013,3.0,20.0
Karlsruhe,23189.419867850484,1371.0,93.0,757324.0,1810.3216060761315,1258.7,44.06415153883939,23.974850676114126,242301.0,363737.0,151286.0,601.6715659013267,0.0,0.0018103216060761313,8.0,24.0
Kassel,20577.46634095359,759.0,37.0,438218.0,1732.0146593704505,1400.14,45.2945143741243,24.4963158694033,135253.0,204880.0,98085.0,312.9815589869585,0.0,0.0017320146593704504,6.0,28.0
Kaufbeuren,21906.0,111.0,5.0,43893.0,2528.877041897341,40.02,45.547182922106025,24.809177085858693,13296.0,20555.0,10042.0,1096.7766116941527,0.0,0.002528877041897341,1.0,28.0
Kelheim,22451.0,446.0,35.0,122258.0,3648.023033257537,1065.14,43.37842104402166,23.82359785257373,39266.0,60290.0,22702.0,114.78115552885065,0.0,0.003648023033257537,2.0,30.0
Kiel,18810.0,281.0,10.0,247548.0,1135.1333882721735,118.65,42.512841953883694,23.656265530758446,88547.0,113032.0,45969.0,2086.3716814159293,0.0,0.0011351333882721735,3.0,27.0
Kitzingen,23748.0,191.0,3.0,90909.0,2101.002101002101,684.14,44.937057937057936,24.051904566890077,27383.0,44767.0,18759.0,132.88069693337619,0.0,0.002101002101002101,1.0,27.0
Kleve,19947.0,786.0,37.0,310974.0,2527.5424955140948,1232.99,44.812744795384816,24.10398498447228,95527.0,151173.0,64274.0,252.21129125134837,0.0,0.0025275424955140944,4.0,28.0
Koblenz,21029.0,265.0,18.0,114024.0,2324.0721251666323,105.25,44.309925980495336,24.43920938775691,37952.0,51438.0,24634.0,1083.3634204275534,0.0,0.0023240721251666318,2.0,22.0
Konstanz,23617.0,468.0,16.0,285325.0,1640.2348199421713,817.98,44.26095855603259,24.454715670836073,93780.0,132071.0,59474.0,348.8165969828113,0.0,0.0016402348199421712,7.0,28.0
Krefeld,21115.0,645.0,22.0,227020.0,2841.1593692185706,137.77,45.22972645581886,24.535941154529397,69442.0,107846.0,49732.0,1647.8188284822531,0.0,0.002841159369218571,8.0,28.0
Kronach,22102.0,167.0,3.0,67135.0,2487.525135920161,651.49,47.91523050569747,24.062613229452484,17422.0,33484.0,16229.0,103.04839675206064,0.0,0.002487525135920161,2.0,30.0
Kulmbach,22462.0,244.0,11.0,71845.0,3396.200153107384,658.34,47.47928178718074,24.122908571470585,19222.0,35328.0,17295.0,109.13054045022328,0.0,0.003396200153107384,1.0,29.0
Kusel,20564.0,90.0,1.0,70526.0,1276.1251169781356,573.6,47.24485296202819,24.40063301220766,19308.0,34328.0,16890.0,122.95327754532777,0.0,0.0012761251169781356,1.0,29.0
Kyffhäuserkreis,17708.0,50.0,0.0,75009.0,666.5866762655147,1037.89,49.50723913130425,24.440941289198,17182.0,37361.0,20466.0,72.27066452128838,1.0,0.0006665866762655148,2.0,27.0
Köln,21608.0,2564.0,102.0,1085664.0,2361.6883308279544,405.02,42.23973393241371,23.3513449248811,362084.0,535210.0,188370.0,2680.519480519481,0.0,0.0023616883308279542,15.0,20.0
Lahn-Dill-Kreis,22884.0,344.0,18.0,253777.0,1355.5207918763326,1066.3,45.4896129278855,24.48417221143337,76182.0,121549.0,56046.0,237.99774922629655,0.0,0.0013555207918763323,4.0,26.0
Landshut,23236.522712914644,952.0,40.0,231102.0,4119.393168384523,1413.4,43.7636476534171,23.855777733273808,72653.0,114119.0,44330.0,163.50785340314138,0.0,0.004119393168384523,3.0,29.0
Leer,18614.0,147.0,5.0,169809.0,865.678497606134,1085.72,44.72901318540242,24.332170508871943,52757.0,80854.0,36198.0,156.40220314629926,0.0,0.000865678497606134,3.0,32.0
Leipzig,18583.263267188573,802.0,16.0,845620.0,948.4165464392987,1949.12,44.7079923606348,24.716991715146012,256499.0,400818.0,188303.0,433.8470694467247,1.0,0.000948416546439299,14.0,28.0
Leverkusen,20884.0,249.0,5.0,163838.0,1519.7939427971532,78.87,45.10762460479254,24.726897656975087,49945.0,78387.0,35506.0,2077.317104095346,0.0,0.0015197939427971532,5.0,29.0
Lichtenfels,21156.0,296.0,16.0,66838.0,4428.618450582005,519.94,46.4441634998055,24.235428084076915,18872.0,32881.0,15085.0,128.54944801323228,0.0,0.0044286184505820045,1.0,30.0
Limburg-Weilburg,21348.000000000004,292.0,6.0,172083.0,1696.8555871294666,738.44,45.310940069617565,24.255965990849987,51547.0,83626.0,36910.0,233.03585937923188,0.0,0.0016968555871294665,3.0,31.0
Lippe,22239.0,755.0,29.0,348391.0,2167.1053500233934,1246.22,45.239696203403646,25.026848988949226,108923.0,161220.0,78248.0,279.5581839482595,0.0,0.0021671053500233934,4.0,25.0
Ludwigsburg,25231.0,1791.0,72.0,543984.0,3292.3762463601865,686.77,43.82454447189623,24.26976735619037,171179.0,265235.0,107570.0,792.0905106513098,0.0,0.003292376246360187,7.0,22.0
Ludwigslust-Parchim,19149.0,89.0,2.0,212618.0,418.591088242764,4766.78,47.9021625638469,24.14034538913139,51166.0,111059.0,50393.0,44.6041143077717,1.0,0.000418591088242764,10.0,34.0
Lörrach,25461.0,667.0,61.0,228639.0,2917.2625842485313,806.71,44.434868941869055,24.376075862560874,70876.0,111361.0,46402.0,283.42155173482416,0.0,0.0029172625842485314,3.0,28.0
Lübeck,19575.0,166.0,1.0,217198.0,764.2795974180242,214.21,45.75469847788654,24.629662885110964,65956.0,100844.0,50398.0,1013.9489286214463,0.0,0.0007642795974180241,7.0,28.0
Lüchow-Dannenberg,19529.0,21.0,3.0,48424.0,433.66925491491827,1227.22,49.000526598380965,24.963037782684694,12499.0,22469.0,13456.0,39.45828783755154,0.0,0.00043366925491491825,1.0,36.0
Lüneburg,20583.000000000004,168.0,0.0,183372.0,916.1704076958313,1327.67,44.12555624631896,24.160688292034692,58030.0,88565.0,36777.0,138.11564620726534,0.0,0.0009161704076958314,3.0,30.0
Magdeburg,18206.0,216.0,2.0,238697.0,904.912923078212,201.01,45.68946823797534,25.023869420794316,73133.0,107677.0,57887.0,1187.4881846674296,1.0,0.0009049129230782121,4.0,28.0
Main-Kinzig-Kreis,22932.0,767.0,47.0,418950.0,1830.7673946771688,1397.32,45.12428810120539,24.307351214908586,125298.0,203459.0,90193.0,299.8239487018006,0.0,0.001830767394677169,10.0,28.0
Main-Spessart,22524.0,157.0,6.0,126365.0,1242.4326356190402,1321.19,46.568037035571564,24.26190204425659,35503.0,61958.0,28904.0,95.64483533783935,0.0,0.0012424326356190402,2.0,29.0
Main-Tauber-Kreis,22232.0,398.0,10.0,132321.0,3007.8370024410333,1304.13,45.78676854014102,24.485943394502982,39206.0,63299.0,29816.0,101.46304432840284,0.0,0.0030078370024410337,6.0,22.0
Main-Taunus-Kreis,26641.0,356.0,14.0,237735.0,1497.4656655519802,222.53,44.69442656739647,24.549459195904365,71248.0,116185.0,50302.0,1068.3278659057203,0.0,0.0014974656655519802,3.0,28.0
Mainz,21515.0,675.0,26.0,217118.0,3108.908519791081,97.73,41.81665960445472,23.34033218580345,78359.0,100729.0,38030.0,2221.61055970531,0.0,0.0031089085197910813,3.0,27.0
Mainz-Bingen,25408.0,434.0,25.0,210889.0,2057.9546586118763,605.36,45.02684113443564,24.131552779985558,62226.0,105037.0,43626.0,348.36956521739125,0.0,0.0020579546586118763,5.0,29.0
Mannheim,20592.0,495.0,13.0,309370.0,1600.025859003782,144.97,42.72491838251931,23.612570853093608,105159.0,147242.0,56969.0,2134.0277298751466,0.0,0.0016000258590037819,4.0,21.0
Mansfeld-Südharz,18203.0,54.0,2.0,136249.0,396.333184096764,1448.85,50.857169593905276,24.486391169998146,29143.0,66996.0,40110.0,94.03941056700144,1.0,0.000396333184096764,3.0,34.0
Marburg-Biedenkopf,20485.0,202.0,4.0,246648.0,818.9808958515781,1262.37,43.49936954688463,24.057878232031673,84843.0,113368.0,48437.0,195.38487131348182,0.0,0.000818980895851578,5.0,26.0
Mayen-Koblenz,21895.0,348.0,14.0,214259.0,1624.2024839096607,817.73,45.637128428677435,24.336076223702324,62715.0,104596.0,46948.0,262.01680261210913,0.0,0.0016242024839096608,5.0,29.0
Mecklenburgische Seenplatte,18062.0,125.0,3.0,259130.0,482.3833597036237,5495.63,48.80533323042489,24.482812636085576,61472.0,131000.0,66658.0,47.152009869660084,1.0,0.0004823833597036237,4.0,26.0
Meißen,20022.000000000004,240.0,20.0,242165.0,991.0598145892263,1454.59,49.02173930997461,25.14279581302382,57475.0,118281.0,66409.0,166.48333894774473,1.0,0.0009910598145892264,4.0,28.0
Memmingen,26941.0,51.0,0.0,43837.0,1163.400780162876,70.11,44.82770262563588,24.546614770441288,13633.0,20735.0,9469.0,625.2603052346312,0.0,0.0011634007801628761,1.0,30.0
Merzig-Wadern,19067.0,216.0,2.0,103366.0,2089.6619778263653,556.66,46.78167869512218,24.093251526166352,28389.0,51539.0,23438.0,185.68964897783212,0.0,0.0020896619778263646,2.0,29.0
Mettmann,25021.0,978.0,79.0,485684.0,2013.654969074542,407.22,46.539642030620726,24.895905477255894,138159.0,231876.0,115649.0,1192.6820883060752,0.0,0.002013654969074542,5.0,27.0
Miesbach,28017.0,586.0,11.0,99726.0,5876.10051541223,866.22,45.75802198022582,24.580242585993012,29225.0,47949.0,22552.0,115.12779663364964,0.0,0.00587610051541223,1.0,22.0
Miltenberg,22544.0,304.0,5.0,128756.0,2361.0550187952404,715.58,45.380553139271186,24.19109592468009,38121.0,63237.0,27398.0,179.932362559043,0.0,0.0023610550187952405,4.0,31.0
Minden-Lübbecke,22262.0,489.0,12.0,310710.0,1573.8148112387757,1152.41,45.27682082971259,24.800447167925388,95873.0,146536.0,68301.0,269.6175840195763,0.0,0.0015738148112387758,4.0,24.0
Mittelsachsen,19433.0,284.0,9.0,306185.0,927.543805215801,2116.85,49.183718993419006,25.00164917330559,73687.0,146661.0,85837.0,144.64180267850816,1.0,0.0009275438052158009,4.0,30.0
Märkisch-Oderland,19407.0,240.0,4.0,194328.0,1235.0253180190193,2158.65,48.03069809806101,24.318646016852103,45848.0,102097.0,46383.0,90.02293099854073,1.0,0.0012350253180190194,3.0,27.0
Märkischer Kreis,24137.0,609.0,31.0,412120.0,1477.7249344851016,1061.06,45.6145042706008,24.556054948572182,123415.0,197908.0,90797.0,388.4040487814073,0.0,0.0014777249344851014,5.0,23.0
Mönchengladbach,20656.0,660.0,41.0,261454.0,2524.344626588233,170.47,44.59321525010136,24.28913193244649,81881.0,125050.0,54523.0,1533.7244089869187,0.0,0.0025243446265882335,3.0,21.0
München,29724.479375448736,8034.0,299.0,1820379.0,4413.366667051202,974.97,42.452478302595225,23.587909103156772,595201.0,894566.0,330612.0,1867.1128342410532,0.0,0.004413366667051202,19.0,22.0
Münster,22261.0,733.0,13.0,314319.0,2332.0257445461457,303.28,41.64522030166805,23.43115824465048,117391.0,143180.0,53748.0,1036.3987074650486,0.0,0.002332025744546146,4.0,22.0
Neckar-Odenwald-Kreis,21775.0,441.0,21.0,143535.0,3072.4213606437456,1125.94,45.46208590239314,24.30221498825345,43106.0,69484.0,30945.0,127.48014991917864,0.0,0.0030724213606437454,2.0,21.0
Neu-Ulm,23442.0,430.0,26.0,174200.0,2468.427095292767,515.84,44.10514064293915,24.203722641458985,54761.0,84254.0,35185.0,337.70161290322585,0.0,0.0024684270952927668,2.0,22.0
Neuburg-Schrobenhausen,22558.000000000004,334.0,18.0,96680.0,3454.6959040132397,739.72,43.66666839056682,24.03104560057888,30544.0,47744.0,18392.0,130.69810198453467,0.0,0.0034546959040132395,1.0,31.0
Neumünster,18922.0,78.0,2.0,79487.0,981.2925384025059,71.63,45.2811088605684,24.71372686603348,24763.0,36772.0,17952.0,1109.6886779282424,0.0,0.000981292538402506,1.0,33.0
Neunkirchen,20134.0,271.0,10.0,132206.0,2049.8313238430933,249.8,47.56300394838358,24.377229051705054,35544.0,64433.0,32229.0,529.2473979183346,0.0,0.002049831323843093,2.0,27.0
Neuwied,22672.0,215.0,4.0,181941.0,1181.7017604608088,627.06,45.666237956260545,24.599938863770625,54517.0,86900.0,40524.0,290.1492680126304,0.0,0.0011817017604608088,2.0,26.0
Nordfriesland,24384.0,89.0,1.0,165507.0,537.7416060952105,2083.01,46.67672968514927,24.62152732818436,47942.0,77552.0,40013.0,79.45569152332442,0.0,0.0005377416060952105,9.0,34.0
Nordhausen,17910.999999999996,65.0,2.0,83822.0,775.4527451027176,713.91,48.316844026627855,24.839479857372613,21293.0,40442.0,22087.0,117.41255900603718,1.0,0.0007754527451027176,2.0,30.0
Nordsachsen,18980.0,142.0,0.0,197673.0,718.3580964522217,2028.56,48.50768187865819,24.624455236373617,46819.0,100216.0,50638.0,97.44498560555272,1.0,0.0007183580964522216,2.0,29.0
Nordwestmecklenburg,18475.0,79.0,1.0,156729.0,504.0547696980137,2127.12,47.207558907413436,24.284787281203002,39681.0,80206.0,36842.0,73.68131558163152,1.0,0.0005040547696980137,3.0,33.0
Northeim,21284.000000000004,139.0,5.0,132765.0,1046.9626784167515,1268.77,47.83454600233496,24.72232427486879,36152.0,62938.0,33675.0,104.64071502321146,0.0,0.0010469626784167514,3.0,28.0
Nürnberg,21785.0,1101.0,49.0,518365.0,2123.9859944247783,186.45,43.654447155961535,24.08167928189104,166920.0,247392.0,104053.0,2780.1823545186376,0.0,0.002123985994424778,11.0,26.0
Nürnberger Land,24993.000000000004,631.0,44.0,170365.0,3703.812402782261,799.52,45.84763008833974,24.382791360235238,48843.0,83607.0,37915.0,213.08410046027615,0.0,0.0037038124027822614,2.0,30.0
Oberallgäu,23482.0,186.0,7.0,155362.0,1197.2039494857172,1527.99,45.8231324262046,24.538911881035638,45583.0,74573.0,35206.0,101.67736699847514,0.0,0.0011972039494857172,4.0,26.0
Oberbergischer Kreis,22691.0,490.0,18.0,272471.0,1798.356522345497,918.85,45.032335551306375,24.628429129935235,84008.0,130496.0,57967.0,296.53479893344934,0.0,0.0017983565223454972,4.0,22.0
Oberhausen,18181.0,273.0,10.0,210829.0,1294.8882743835052,77.09,45.4303795967348,24.310833595759693,62648.0,102159.0,46022.0,2734.84239200934,0.0,0.0012948882743835052,8.0,29.0
Oberhavel,20718.000000000004,320.0,9.0,211249.0,1514.8000700595032,1808.18,47.02618947308626,24.35764902053081,53872.0,109103.0,48274.0,116.829629793494,1.0,0.0015148000700595033,4.0,30.0
Oberspreewald-Lausitz,18699.0,52.0,2.0,110476.0,470.6904667077012,1223.09,50.340236793511714,24.73072974301797,24239.0,54609.0,31628.0,90.32532356572287,1.0,0.0004706904667077012,2.0,27.0
Odenwaldkreis,21418.000000000004,409.0,61.0,96798.0,4225.29391103122,623.97,46.56642699229322,24.465304530952878,27604.0,46371.0,22823.0,155.132458291264,0.0,0.00422529391103122,2.0,31.0
Oder-Spree,19188.0,140.0,2.0,178658.0,783.6201009750473,2256.75,49.0816056375869,24.67372509341865,41494.0,89986.0,47178.0,79.16605738340535,1.0,0.0007836201009750473,2.0,28.0
Offenbach,23449.0,666.0,40.0,354092.0,1880.867119279735,356.24,44.611431492380504,24.433861697409505,107799.0,171276.0,75017.0,993.9703570626544,0.0,0.0018808671192797352,4.0,26.0
Oldenburg,22019.29545129793,227.0,15.0,130144.0,1744.221785099582,1064.84,45.30006761740841,24.323360034520768,38733.0,63731.0,27680.0,122.21930055219565,0.0,0.001744221785099582,2.0,26.0
Olpe,27132.0,648.0,56.0,134775.0,4808.013355592654,712.14,44.612710072342786,24.181837907155746,41589.0,66049.0,27137.0,189.25351756677054,0.0,0.004808013355592654,9.0,35.0
Ortenaukreis,22800.0,1208.0,125.0,429479.0,2812.7102838555547,1850.34,44.67777120650835,24.416524435969944,133230.0,206836.0,89413.0,232.1081530961877,0.0,0.0028127102838555553,11.0,23.0
Osnabrück,21456.610914572364,1719.0,76.0,522091.0,3292.5294632544897,2241.61,43.94140580856594,24.319695085185966,171816.0,245758.0,104517.0,232.9089359879729,0.0,0.00329252946325449,9.0,26.0
Ostalbkreis,23888.0,1403.0,37.0,314002.0,4468.124406850912,1511.37,44.387761861389414,24.3573322271339,99685.0,149701.0,64616.0,207.75984702620804,0.0,0.004468124406850912,4.0,21.0
Ostallgäu,23281.0,503.0,39.0,140316.0,3584.7658143048548,1394.45,44.59886613073349,24.458695612286572,43621.0,67079.0,29616.0,100.6246190254222,0.0,0.0035847658143048546,2.0,18.0
Osterholz,21846.0,117.0,0.0,113517.0,1030.6826290335366,652.67,46.483949540597436,24.579812445563498,31847.0,55112.0,26558.0,173.9270994530161,0.0,0.0010306826290335368,6.0,27.0
Ostholstein,22569.000000000004,68.0,0.0,200581.0,339.0151609574187,1392.59,49.048374472158386,24.68980365671424,50786.0,94622.0,55173.0,144.03449687273354,0.0,0.0003390151609574187,3.0,32.0
Ostprignitz-Ruppin,17924.0,82.0,0.0,99078.0,827.6307555663216,2526.57,48.8330154020065,24.368040848156692,23142.0,50802.0,25134.0,39.21442904807704,1.0,0.0008276307555663215,5.0,35.0
Paderborn,20913.0,682.0,34.0,306890.0,2222.294633256216,1246.8,42.64966274560918,23.91966828997961,105172.0,146465.0,55253.0,246.1421238370228,0.0,0.002222294633256216,4.0,28.0
Passau,21056.73197225494,718.0,48.0,244512.0,2936.461196178511,1599.6699999999996,45.39761647690093,24.10423672423288,74392.0,116638.0,53482.0,152.85152562716058,0.0,0.0029364611961785105,3.0,23.0
Peine,21203.000000000004,160.0,11.0,133965.0,1194.3418056955175,536.5,45.1931623931624,24.54282394953763,39915.0,65410.0,28640.0,249.7017707362535,0.0,0.0011943418056955175,2.0,30.0
Pforzheim,22882.0,406.0,8.0,125542.0,3233.977473674149,98.07,43.22183014449347,24.604423110209478,42657.0,57682.0,25203.0,1280.1264402977465,0.0,0.003233977473674149,4.0,27.0
Pinneberg,24124.000000000004,602.0,46.0,314391.0,1914.8130830717166,664.25,45.51430861570465,24.580636421171608,92291.0,152597.0,69503.0,473.3022205494919,0.0,0.0019148130830717164,4.0,27.0
Pirmasens,19649.0,31.0,0.0,40403.0,767.2697571962477,61.36,47.406541593446036,25.111671043535495,11631.0,18484.0,10288.0,658.4582790091265,0.0,0.0007672697571962478,1.0,36.0
Plön,22362.0,120.0,8.0,128647.0,932.7850630018578,1083.2,48.016486975988556,24.895709936908396,34329.0,60707.0,33611.0,118.76569423929098,0.0,0.0009327850630018578,2.0,26.0
Potsdam,19550.0,626.0,51.0,178089.0,3515.096384392074,188.26,43.217826480018424,24.380430324202408,56200.0,86825.0,35064.0,945.9736534579836,1.0,0.003515096384392074,10.0,34.0
Potsdam-Mittelmark,21746.0,565.0,35.0,214664.0,2632.0202735437706,2592.02,46.87999152163382,24.318338076059042,54714.0,111857.0,48093.0,82.81726221248294,1.0,0.0026320202735437706,5.0,29.0
Prignitz,18335.0,28.0,0.0,76508.0,365.97480002091277,2138.55,50.3660270821352,24.577132416765615,17000.0,38015.0,21493.0,35.775642374506084,1.0,0.00036597480002091283,1.0,34.0
Rastatt,22803.0,522.0,17.0,231018.0,2259.5641898033928,738.43,45.481984087819995,24.30081781909341,68145.0,113031.0,49842.0,312.85023631217587,0.0,0.002259564189803392,5.0,26.0
Ravensburg,22966.0,559.0,8.0,284285.0,1966.3365988356754,1632.1,43.70993193450235,24.26401956102993,92908.0,135145.0,56232.0,174.18356718338342,0.0,0.0019663365988356754,3.0,20.0
Recklinghausen,19860.0,1323.0,40.0,615261.0,2150.306942907156,761.31,46.15592000793159,24.444877546360175,177586.0,297467.0,140208.0,808.1609331284233,0.0,0.0021503069429071563,7.0,28.0
Regen,20464.000000000004,196.0,11.0,77656.0,2523.9517873699388,974.8,45.94484650252396,24.073420937235607,22538.0,37846.0,17272.0,79.66352072219942,0.0,0.002523951787369939,3.0,29.0
Regensburg,22918.057002485235,1159.0,25.0,346182.0,3347.9499222952086,1472.52,43.10958397605884,23.522903137240238,113294.0,169406.0,63482.0,235.09493928775157,0.0,0.0033479499222952088,5.0,26.0
Rems-Murr-Kreis,24638.0,1616.0,92.0,426158.0,3792.0207997972575,858.08,44.76455211447397,24.462512118607982,131314.0,205207.0,89637.0,496.64133880290876,0.0,0.0037920207997972585,5.0,20.0
Remscheid,22413.0,241.0,18.0,110994.0,2171.2885381191777,74.52,45.4809494206894,24.668613061210273,33474.0,52913.0,24607.0,1489.4524959742353,0.0,0.0021712885381191776,4.0,27.0
Rendsburg-Eckernförde,23135.0,255.0,14.0,272775.0,934.8364036293648,2189.25,46.43772156539272,24.646748220266428,77790.0,130852.0,64133.0,124.59746488523469,0.0,0.0009348364036293648,5.0,29.0
Reutlingen,23954.0,1547.0,82.0,286748.0,5394.980958890733,1027.85,44.35951078996192,24.436583454612627,90469.0,137530.0,58749.0,278.97845016296156,0.0,0.005394980958890733,3.0,27.0
Rhein-Erft-Kreis,21815.0,1108.0,76.0,470089.0,2357.000482887283,704.71,44.961194582302504,24.391364057385395,141640.0,228177.0,100272.0,667.0673042811936,0.0,0.002357000482887283,6.0,28.0
Rhein-Hunsrück-Kreis,23219.0,168.0,6.0,102937.0,1632.066215257876,991.06,46.293951640323684,24.384502531899546,29334.0,50204.0,23399.0,103.86555808931853,0.0,0.0016320662152578761,2.0,27.0
Rhein-Kreis Neuss,24546.0,729.0,20.0,451007.0,1616.3828942788027,576.42,45.47103814353214,24.55448966761494,131996.0,220120.0,98891.0,782.4277436591376,0.0,0.0016163828942788027,5.0,21.0
Rhein-Lahn-Kreis,21785.0,159.0,6.0,122308.0,1299.996729567976,782.24,46.561394185171864,24.424035071029127,34423.0,59249.0,28636.0,156.35610554305583,0.0,0.001299996729567976,4.0,28.0
Rhein-Neckar-Kreis,24048.0,960.0,38.0,547625.0,1753.024423647569,1061.55,45.09016754165715,24.384430774559302,164300.0,265809.0,117516.0,515.8730158730159,0.0,0.001753024423647569,7.0,26.0
Rhein-Pfalz-Kreis,25441.0,252.0,5.0,154201.0,1634.230647012665,304.99,46.10742148235096,24.59393774293808,43742.0,75488.0,34971.0,505.5936260205252,0.0,0.0016342306470126652,2.0,33.0
Rhein-Sieg-Kreis,22975.0,1458.0,50.0,599780.0,2430.891326819834,1153.21,44.99191620260761,24.53157063209221,183177.0,288611.0,127992.0,520.096079638574,0.0,0.002430891326819834,13.0,26.0
Rheingau-Taunus-Kreis,24671.0,248.0,5.0,187157.0,1325.0906992524992,811.41,46.16854833108032,24.42794674680216,53601.0,90789.0,42767.0,230.65651150466476,0.0,0.0013250906992524993,2.0,24.0
Rheinisch-Bergischer Kreis,25295.0,471.0,21.0,283455.0,1661.6394136635447,437.32,46.43168580550704,24.775372758447567,80874.0,136976.0,65605.0,648.1638159699992,0.0,0.0016616394136635445,3.0,20.0
Rhön-Grabfeld,21543.000000000004,195.0,6.0,79690.0,2446.9820554649264,1021.72,45.870140544610365,24.40286814373837,23442.0,38615.0,17633.0,77.99592843440473,0.0,0.0024469820554649264,1.0,29.0
Rosenheim,24085.642579407784,2799.0,217.0,324307.0,8630.711023813854,1476.67,44.610364561973675,24.297165960554217,100349.0,155673.0,68285.0,219.62049747066035,0.0,0.008630711023813855,7.0,27.0
Rostock,18514.257755324896,179.0,5.0,423999.0,422.17080700662035,3612.65,46.73906070533185,24.6224273851196,115230.0,207780.0,100989.0,117.36509210690214,1.0,0.0004221708070066203,8.0,28.0
Rotenburg (Wümme),21472.0,110.0,2.0,163455.0,672.968095194396,2074.78,44.986243920345046,24.27613358360467,50030.0,78883.0,34542.0,78.78184675001687,0.0,0.000672968095194396,2.0,20.0
Roth,23592.0,287.0,7.0,126958.0,2260.5901164164525,895.15,45.03236503410578,24.19335968236712,37962.0,62608.0,26388.0,141.82874378595767,0.0,0.0022605901164164527,3.0,26.0
Rottal-Inn,22109.0,733.0,48.0,120659.0,6074.9716142185825,1281.22,45.18988223008644,24.25581392106729,36688.0,58236.0,25735.0,94.17508312389755,0.0,0.006074971614218583,2.0,28.0
Rottweil,24476.0,675.0,26.0,139455.0,4840.27105517909,769.42,44.73922412247678,24.589169815097275,43622.0,66485.0,29348.0,181.24691325933819,0.0,0.00484027105517909,2.0,29.0
Saale-Holzland-Kreis,18992.0,73.0,3.0,83051.0,878.9779773873885,815.24,48.457580281995405,24.469862721135836,19798.0,41786.0,21467.0,101.87306805357932,1.0,0.0008789779773873884,1.0,27.0
Saale-Orla-Kreis,19008.0,149.0,12.0,80868.0,1842.508779739823,1151.3,49.12935895533462,24.530631146998697,18818.0,40476.0,21574.0,70.24059758533832,1.0,0.001842508779739823,1.0,20.0
Saalekreis,19664.0,131.0,7.0,184582.0,709.7116728608423,1433.71,48.425558830221796,24.33201929003061,43677.0,93671.0,47234.0,128.74430672869687,1.0,0.0007097116728608424,3.0,33.0
Saalfeld-Rudolstadt,19356.0,71.0,0.0,106356.0,667.5692955733574,1036.03,50.44994640640866,24.69004321857913,23288.0,52188.0,30880.0,102.65725895968264,1.0,0.0006675692955733574,5.0,29.0
Saarlouis,20904.0,554.0,23.0,195201.0,2838.1002146505393,459.35,47.147629878945295,24.402733847339714,53617.0,94847.0,46737.0,424.9504734951562,0.0,0.0028381002146505396,2.0,27.0
Salzgitter,19585.0,145.0,8.0,104948.0,1381.6366200404007,224.49,44.85287475702253,25.150907700539346,33633.0,47423.0,23892.0,467.49521136798967,0.0,0.0013816366200404009,2.0,30.0
Salzlandkreis,18207.0,68.0,0.0,190560.0,356.8429890848027,1426.83,49.778660264483634,24.583043300310496,43683.0,93749.0,53128.0,133.5548033052291,1.0,0.0003568429890848027,6.0,28.0
Schaumburg,21404.0,162.0,7.0,157781.0,1026.739594754755,675.68,47.167453622426024,24.75488378400628,44167.0,74987.0,38627.0,233.51438550793281,0.0,0.001026739594754755,2.0,29.0
Schleswig-Flensburg,21871.0,159.0,4.0,200025.0,794.9006374203226,2071.13,46.35274090738658,24.77258526428768,57928.0,94395.0,47702.0,96.57771361527278,0.0,0.0007949006374203224,3.0,29.0
Schmalkalden-Meiningen,19992.0,147.0,4.0,122347.0,1201.5006497911675,1210.73,48.92668802667822,24.456017996685837,28748.0,61258.0,32341.0,101.05225772880823,1.0,0.0012015006497911678,2.0,30.0
Schwabach,25418.000000000004,79.0,2.0,40792.0,1936.6542459305747,40.8,45.17525495195137,24.50766092004755,12223.0,19671.0,8898.0,999.8039215686276,0.0,0.0019366542459305746,1.0,18.0
Schwalm-Eder-Kreis,20898.000000000004,529.0,37.0,180222.0,2935.2687241291296,1539.02,46.55776209341812,24.386367824495753,50795.0,87519.0,41908.0,117.10179204948605,0.0,0.0029352687241291295,3.0,29.0
Schwandorf,20927.0,506.0,19.0,147189.0,3437.7568975942495,1465.06,44.97912887511974,23.949413357147932,44123.0,72846.0,30220.0,100.46619251088691,0.0,0.0034377568975942495,4.0,27.0
Schwarzwald-Baar-Kreis,23851.0,570.0,30.0,212381.0,2683.85590048074,1025.33,45.19624401429506,24.70480935115594,65724.0,99542.0,47115.0,207.13428847297942,0.0,0.0026838559004807396,3.0,29.0
Schweinfurt,21637.88026345351,695.0,43.0,169138.0,4109.0706996653635,877.09,45.51374912793104,24.590896051630363,51023.0,80462.0,37653.0,192.8399594112349,0.0,0.004109070699665362,2.0,28.0
Schwerin,18378.0,91.0,0.0,95818.0,949.7171721388464,130.52,46.964437788307,25.23473014848017,26696.0,44637.0,24485.0,734.1250383083052,1.0,0.0009497171721388466,1.0,28.0
Schwäbisch Hall,23061.0,869.0,58.0,195861.0,4436.8199896865635,1484.07,43.6566110660111,24.085642002847287,62709.0,95522.0,37630.0,131.97558066668014,0.0,0.0044368199896865634,8.0,27.0
Segeberg,22953.000000000004,332.0,7.0,276032.0,1202.7591003941573,1344.42,45.34873492928356,24.378432513657803,80612.0,135369.0,60051.0,205.3167908838012,0.0,0.0012027591003941573,4.0,29.0
Siegen-Wittgenstein,23134.0,315.0,8.0,278210.0,1132.238237302757,1132.89,44.89564178138816,24.456460614398328,87900.0,130537.0,59773.0,245.57547511232326,0.0,0.001132238237302757,14.0,30.0
Sigmaringen,22062.0,776.0,34.0,130873.0,5929.412483858398,1204.23,44.40648185645626,24.353329267760216,41720.0,62601.0,26552.0,108.67774428472966,0.0,0.005929412483858397,3.0,27.0
Soest,21845.0,376.0,8.0,301902.0,1245.4372610979722,1328.63,45.11731290286252,24.41417591972969,91826.0,146022.0,64054.0,227.22804693556517,0.0,0.001245437261097972,9.0,30.0
Solingen,23357.0,288.0,8.0,159360.0,1807.2289156626507,89.54,45.122712725903604,24.54439083055487,48543.0,76872.0,33945.0,1779.7632343086887,0.0,0.0018072289156626507,3.0,27.0
Sonneberg,19995.0,288.0,21.0,56196.0,5124.919923126201,433.61,49.881281585878,24.38085869920795,12606.0,27996.0,15594.0,129.600332095662,1.0,0.005124919923126201,5.0,37.0
Speyer,23860.0,95.0,1.0,50378.0,1885.7437770455358,42.71,45.94155186787885,24.456495953436107,14635.0,24329.0,11414.0,1179.5364083352845,0.0,0.0018857437770455358,2.0,30.0
Spree-Neiße,19252.0,65.0,0.0,114429.0,568.0378225799403,1656.97,50.598851689694044,24.32035917481948,24054.0,58559.0,31816.0,69.05918634616197,1.0,0.0005680378225799404,2.0,26.0
Stade,21968.000000000004,215.0,8.0,203102.0,1058.5814024480312,1267.38,44.702024106114166,24.490888164892816,62802.0,96821.0,43479.0,160.25343622275875,0.0,0.0010585814024480311,5.0,24.0
Starnberg,34986.999999999985,540.0,13.0,136092.0,3967.904064897276,487.72,45.63013255738765,24.963958729764187,40902.0,64014.0,31176.0,279.0371524645288,0.0,0.0039679040648972754,2.0,8.0
Steinburg,21119.0,182.0,3.0,131347.0,1385.6426107943082,1055.72,46.30616230290757,24.482377548972355,37722.0,63742.0,29883.0,124.41461751221917,0.0,0.0013856426107943082,2.0,30.0
Steinfurt,21330.0,1339.0,82.0,447614.0,2991.416711720366,1795.76,44.048177670939694,24.350473903707808,143386.0,215669.0,88559.0,249.26159397692345,0.0,0.002991416711720366,22.0,33.0
Stendal,17921.0,107.0,6.0,111982.0,955.5107070779233,2423.24,48.78023700237539,24.40284388994895,26858.0,56600.0,28524.0,46.21168353114014,1.0,0.0009555107070779232,5.0,34.0
Stormarn,25006.0,419.0,33.0,243196.0,1722.890179114788,766.29,46.156143604335604,24.789276920929087,68703.0,118253.0,56240.0,317.3680982395699,0.0,0.001722890179114788,3.0,29.0
Straubing,21736.0,428.0,48.0,47794.0,8955.098966397454,67.59,45.17576474034398,23.83241136368038,14315.0,23307.0,10172.0,707.1164373428021,0.0,0.008955098966397455,1.0,28.0
Straubing-Bogen,21801.0,548.0,29.0,100649.0,5444.664129797614,1201.62,44.34417629584001,23.854165698342985,30721.0,50246.0,19682.0,83.76108919625173,0.0,0.005444664129797614,2.0,30.0
Stuttgart,25012.0,1513.0,63.0,634830.0,2383.315218247405,207.33,42.39228848668147,23.418931788428434,211419.0,310112.0,113299.0,3061.9302561134423,0.0,0.002383315218247405,10.0,24.0
Suhl,20698.0,20.0,2.0,34835.0,574.1352088416822,103.03,51.641725276302566,24.618349555658256,7561.0,16042.0,11232.0,338.10540619237116,1.0,0.0005741352088416823,1.0,30.0
Sächsische Schweiz-Osterzgebirge,19758.0,389.0,2.0,245611.0,1583.805285593886,1654.18,48.56642617798063,25.28186892610525,60120.0,118097.0,67394.0,148.47900470323663,1.0,0.0015838052855938862,4.0,28.0
Sömmerda,18790.0,37.0,1.0,69655.0,531.189433637212,806.84,47.78191802454957,24.19448481834017,16863.0,35691.0,17101.0,86.33062317188042,1.0,0.000531189433637212,2.0,36.0
Südliche Weinstraße,23424.0,155.0,3.0,110356.0,1404.5452897894088,639.95,46.724849577730254,24.303137790809213,30401.0,54369.0,25586.0,172.44472224392533,0.0,0.0014045452897894087,9.0,31.0
Südwestpfalz,22459.0,106.0,3.0,95113.0,1114.4638482646956,953.5,48.340458191834976,24.330562535722883,24536.0,46682.0,23895.0,99.75144205558468,0.0,0.0011144638482646957,1.0,33.0
Teltow-Fläming,19408.0,153.0,12.0,168296.0,909.1125160431619,2104.23,46.62545752721395,24.36166105022168,43562.0,86919.0,37815.0,79.97985011144219,1.0,0.0009091125160431621,2.0,30.0
Tirschenreuth,21082.0,1136.0,138.0,72504.0,15668.101070285777,1084.25,46.498613869579614,24.27183386022123,20675.0,35379.0,16450.0,66.87018676504496,0.0,0.015668101070285777,1.0,27.0
Traunstein,23908.0,1322.0,87.0,177089.0,7465.172879173749,1533.76,45.68461620992834,24.54785639028682,52998.0,83958.0,40133.0,115.46069789276028,0.0,0.0074651728791737485,2.0,3.0
Trier,19857.0,103.0,1.0,110636.0,930.9808742181567,117.07,42.21860425178061,23.40500278959782,40111.0,50893.0,19632.0,945.0414282053473,0.0,0.0009309808742181568,3.0,29.0
Trier-Saarburg,22541.0,199.0,9.0,148945.0,1336.0636476551747,1102.23,45.185269730437405,24.14881527130494,43425.0,74751.0,30769.0,135.13059887682243,0.0,0.0013360636476551747,8.0,32.0
Tuttlingen,25338.0,505.0,23.0,140152.0,3603.230778012444,734.38,43.409041611964156,24.47364532170105,46156.0,66583.0,27413.0,190.84397723249543,0.0,0.0036032307780124438,2.0,26.0
Tübingen,22680.0,1292.0,60.0,227331.0,5683.34279090841,519.12,41.86131675838315,23.671125702363824,82989.0,105169.0,39173.0,437.9160887656033,0.0,0.005683342790908411,3.0,24.0
Uckermark,17628.0,44.0,2.0,119552.0,368.0406852248394,3076.89,49.96286553131692,24.576210969955774,26976.0,59627.0,32949.0,38.85481768929016,1.0,0.0003680406852248394,4.0,35.0
Uelzen,20387.0,44.0,0.0,92572.0,475.3057079894568,1462.59,47.762492978438395,24.76615327915199,25371.0,43799.0,23402.0,63.29319905099858,0.0,0.00047530570798945686,1.0,28.0
Ulm,29641.0,288.0,5.0,126329.0,2279.761574935288,118.68,42.16329188072414,23.80956244500404,44778.0,58356.0,23195.0,1064.4506235254464,0.0,0.002279761574935288,2.0,20.0
Unna,20806.0,723.0,38.0,394782.0,1831.3904889280664,543.21,46.10274151303758,24.48614371962329,114611.0,190367.0,89804.0,726.7576075550893,0.0,0.0018313904889280667,4.0,24.0
Unstrut-Hainich-Kreis,18213.0,91.0,3.0,102912.0,884.2506218905472,979.69,47.76123775652986,24.72059909280706,26113.0,50998.0,25801.0,105.04547356816951,1.0,0.0008842506218905473,2.0,34.0
Unterallgäu,24933.000000000004,271.0,14.0,144041.0,1881.408765559806,1229.59,44.627755291896065,24.443041868488105,45003.0,68768.0,30270.0,117.1455525825682,0.0,0.0018814087655598059,3.0,28.0
Vechta,21502.0,346.0,10.0,141598.0,2443.537338097996,814.2,41.26073814601901,23.73388847544932,51093.0,67658.0,22847.0,173.9105870793417,0.0,0.0024435373380979957,2.0,28.0
Verden,23066.0,237.0,3.0,136792.0,1732.5574595005558,789.39,45.30599377156559,24.671663885061303,41223.0,65076.0,30493.0,173.28823521959995,0.0,0.0017325574595005557,3.0,27.0
Viersen,22492.0,724.0,37.0,298935.0,2421.931189054477,563.28,46.091255624132344,24.294580962257253,85798.0,147053.0,66084.0,530.7040903280786,0.0,0.002421931189054477,4.0,22.0
Vogelsbergkreis,21608.0,121.0,5.0,105878.0,1142.8247605734905,1458.91,47.50704112280172,24.419452456881853,28619.0,51507.0,25752.0,72.57335956296139,0.0,0.0011428247605734902,2.0,28.0
Vogtlandkreis,19311.0,503.0,21.0,227796.0,2208.1160336441376,1412.43,50.376896433651154,24.96237815370123,51420.0,108116.0,68260.0,161.27949703702132,1.0,0.002208116033644138,3.0,34.0
Vorpommern-Greifswald,18259.0,139.0,7.0,236697.0,587.2486765780724,3945.58,48.01121264739307,24.53902569667077,60420.0,116955.0,59322.0,59.99041965946705,1.0,0.0005872486765780724,3.0,29.0
Vorpommern-Rügen,17303.0,89.0,2.0,224684.0,396.11187267451174,3214.45,48.94169144220327,24.4564938022822,52830.0,113437.0,58417.0,69.89811631849928,1.0,0.00039611187267451174,3.0,28.0
Vulkaneifel,21292.0,119.0,5.0,60603.0,1963.5991617576688,911.64,47.25984687226705,24.527351217184428,16907.0,29035.0,14661.0,66.47689877583257,0.0,0.001963599161757669,4.0,27.0
Waldeck-Frankenberg,21041.0,174.0,5.0,156953.0,1108.6121322943814,1848.7,46.35268201308672,24.59869315979494,45557.0,75090.0,36306.0,84.89911829934549,0.0,0.001108612132294381,3.0,27.0
Waldshut,23762.0,311.0,35.0,170619.0,1822.774720283204,1131.1,44.653335794958366,24.559421240983824,53222.0,81270.0,36127.0,150.8434267527186,0.0,0.001822774720283204,3.0,28.0
Warendorf,22576.0,638.0,20.0,277783.0,2296.756820971766,1319.42,44.833017139277786,24.522302615078782,85761.0,133448.0,58574.0,210.5341741068045,0.0,0.002296756820971766,5.0,27.0
Wartburgkreis,19832.0,83.0,2.0,123025.0,674.6596220280431,1307.43,48.382410079252175,24.408633535330747,29355.0,62421.0,31249.0,94.09681589071691,1.0,0.0006746596220280431,3.0,33.0
Weilheim-Schongau,23691.0,355.0,3.0,135348.0,2622.8684576055803,966.3,45.030203623252646,24.541994669871674,41365.0,64804.0,29179.0,140.06830176963678,0.0,0.0026228684576055797,2.0,23.0
Weimar,18635.0,69.0,0.0,65090.0,1060.0706713780917,84.48,44.99371639268704,24.858334654858627,20056.0,30089.0,14945.0,770.4782196969696,1.0,0.0010600706713780918,1.0,27.0
Weimarer Land,19053.0,74.0,4.0,81947.0,903.0226853942183,804.48,47.187798211038846,24.324989534645905,20572.0,41765.0,19610.0,101.86331543357201,1.0,0.0009030226853942182,1.0,33.0
Weißenburg-Gunzenhausen,22044.0,332.0,25.0,94393.0,3517.209962603159,970.78,45.37841259415423,24.43712687814625,28306.0,45550.0,20537.0,97.23418282206062,0.0,0.003517209962603159,1.0,28.0
Werra-Meißner-Kreis,19785.0,225.0,16.0,101017.0,2227.3478721403326,1024.83,47.75499173406456,24.731089363198123,27901.0,47288.0,25828.0,98.56951884702828,0.0,0.002227347872140333,2.0,36.0
Wesel,21372.0,664.0,27.0,459809.0,1444.0778671143887,1042.8,46.65037983162574,24.41735541532635,128913.0,223921.0,106975.0,440.9369006520905,0.0,0.0014440778671143887,7.0,27.0
Wesermarsch,20760.0,71.0,2.0,88624.0,801.137389420473,824.78,46.485799557681894,24.562667144372845,25871.0,41956.0,20797.0,107.4516840854531,0.0,0.000801137389420473,4.0,35.0
Westerwaldkreis,24108.0,367.0,21.0,201597.0,1820.4635981686233,989.04,45.25364712768543,24.200234802768783,59713.0,99352.0,42532.0,203.83098762436302,0.0,0.0018204635981686236,3.0,27.0
Wetteraukreis,22944.000000000004,352.0,13.0,306460.0,1148.600143575018,1100.66,45.03717614044247,24.233873511561843,91649.0,150083.0,64728.0,278.43294023585844,0.0,0.001148600143575018,4.0,30.0
Wiesbaden,22928.0,463.0,21.0,278342.0,1663.4212587392487,203.87,43.49225772610673,24.416205083523373,90259.0,132479.0,55604.0,1365.2916073968706,0.0,0.0016634212587392488,5.0,28.0
Wilhelmshaven,18047.0,27.0,1.0,76278.0,353.968378824825,107.07,46.93523034164504,25.184015795935693,23578.0,32820.0,19880.0,712.4124404595125,0.0,0.000353968378824825,2.0,24.0
Wittenberg,19112.000000000004,155.0,3.0,125840.0,1231.7228226319135,1930.45,50.40882867132867,24.561034777985917,27647.0,62289.0,35904.0,65.18687352689787,1.0,0.0012317228226319135,2.0,29.0
Wittmund,20270.0,41.0,0.0,56882.0,720.7904082134945,656.86,46.68310713406702,24.597875262256924,16440.0,26514.0,13928.0,86.59683950918004,0.0,0.0007207904082134946,1.0,28.0
Wolfenbüttel,21556.0,190.0,14.0,119960.0,1583.8612870956986,724.3,46.79536095365122,24.491764437149836,33818.0,57761.0,28381.0,165.62197984260666,0.0,0.0015838612870956986,2.0,35.0
Wolfsburg,24083.000000000004,351.0,51.0,124151.0,2827.2023584183776,204.61,45.084352925067066,24.833179492013286,37543.0,59033.0,27575.0,606.7689751234054,0.0,0.0028272023584183775,3.0,30.0
Worms,20300.0,223.0,7.0,83330.0,2676.1070442817713,108.73,43.95867634705388,24.425102801214305,27177.0,39080.0,17073.0,766.3938195530212,0.0,0.0026761070442817714,1.0,31.0
Wuppertal,20759.0,974.0,85.0,354382.0,2748.4465915311725,168.39,44.170814262575405,24.5475397786873,114511.0,166151.0,73720.0,2104.5311479304,0.0,0.0027484465915311724,8.0,30.0
Würzburg,22807.2576651281,885.0,59.0,289714.0,3054.736740371539,1055.96,44.28675348792258,24.087497768215517,94444.0,135346.0,59924.0,274.36077124133493,0.0,0.003054736740371539,3.0,23.0
Zollernalbkreis,25027.0,1208.0,77.0,188935.0,6393.733294519278,917.58,45.601439648556386,24.499808848147445,56636.0,90633.0,41666.0,205.90575208701145,0.0,0.006393733294519279,3.0,20.0
Zweibrücken,19751.0,40.0,1.0,34209.0,1169.2829372387387,70.64,45.9314654038411,24.637435585081647,10231.0,16062.0,7916.0,484.27236693091726,0.0,0.0011692829372387384,2.0,37.0
Zwickau,19959.0,883.0,51.0,317531.0,2780.8308480116907,949.79,49.74836472659362,25.042782163448948,74655.0,150183.0,92693.0,334.3170595605345,1.0,0.00278083084801169,4.0,30.0
